{
    "0": {
        "words": [
            "<start>",
            "\u091c\u092f\u092a\u0941\u0930",
            "\u0930\u093e\u091c\u094d\u092f",
            "\u0915\u0940",
            "\u0930\u093e\u091c\u0927\u093e\u0928\u0940",
            "\u0939\u0948",
            "end"
        ],
        "tags": [
            "sos",
            "amod",
            "nmod",
            "case",
            "nsubj",
            "case",
            "compound"
        ]
    },
    "1": {
        "words": [
            "<start>",
            "\u0924\u092c",
            "\u0907\u0938\u0915\u0940",
            "\u0930\u093e\u091c\u0927\u093e\u0928\u0940",
            "\u0928\u093e\u0917\u092a\u0941\u0930",
            "\u092e\u0947\u0902",
            "\u0925\u0940",
            "end"
        ],
        "tags": [
            "sos",
            "nmod",
            "nmod",
            "nsubj",
            "nmod",
            "case",
            "compound",
            "root"
        ]
    },
    "2": {
        "words": [
            "<start>",
            "\u092f\u0939",
            "\u092c\u093e\u0921\u093c\u092e\u0947\u0930",
            "\u091c\u093f\u0932\u0947",
            "\u092e\u0947",
            "\u0906\u092f\u093e",
            "\u0939\u0941\u0906",
            "\u0939\u0948",
            "end"
        ],
        "tags": [
            "sos",
            "nsubj",
            "amod",
            "nmod",
            "case",
            "compound",
            "aux",
            "eos",
            ""
        ]
    },
    "3": {
        "words": [
            "<start>",
            "\u092e\u093e\u0932\u0935\u093e",
            "\u092e\u0939\u093e\u0915\u0935\u093f",
            "\u0915\u093e\u0932\u093f\u0926\u093e\u0938",
            "\u0915\u0940",
            "\u0927\u0930\u0924\u0940",
            "\u0939\u0948",
            "end"
        ],
        "tags": [
            "sos",
            "amod",
            "amod",
            "nmod",
            "case",
            "nsubj",
            "case",
            "compound"
        ]
    },
    "4": {
        "words": [
            "<start>",
            "\u0924\u092c",
            "\u092f\u0939",
            "\u0969-\u096a",
            "\u0939\u093f\u0938\u094d\u0938\u094b\u0902",
            "\u092e\u0947\u0902",
            "\u092c\u091f\u093e",
            "\u0939\u0941\u0906",
            "\u0925\u093e",
            "end"
        ],
        "tags": [
            "sos",
            "nmod",
            "nsubj",
            "amod",
            "nmod",
            "case",
            "compound",
            "aux",
            "eos",
            ""
        ]
    },
    "5": {
        "words": [
            "<start>",
            "\u092f\u0939\u093e\u0901",
            "\u0915\u094b\u0908",
            "\u090f\u0915",
            "\u0932\u094b\u0915",
            "\u0938\u0902\u0938\u094d\u0915\u0943\u0924\u093f",
            "\u0928\u0939\u0940\u0902",
            "\u0939\u0948",
            "end"
        ],
        "tags": [
            "sos",
            "nmod",
            "case",
            "amod",
            "amod",
            "nsubj",
            "neg",
            "",
            ""
        ]
    },
    "6": {
        "words": [
            "<start>",
            "\u0930\u093e\u091c\u0938\u094d\u0925\u093e\u0928",
            "\u0915\u0940",
            "\u0906\u0915\u0943\u0924\u093f",
            "\u0932\u0917\u092d\u0917",
            "\u092a\u0924\u0902\u0917\u093e\u0915\u093e\u0930",
            "\u0939\u0948",
            "end"
        ],
        "tags": [
            "sos",
            "nmod",
            "case",
            "nsubj",
            "dep",
            "dobj",
            "",
            ""
        ]
    },
    "7": {
        "words": [
            "<start>",
            "\u092c\u093e\u0926",
            "\u092e\u0947\u0902",
            "\u0907\u0938\u0947",
            "\u0928\u093f\u092e\u093e\u0921\u093c",
            "\u0915\u0940",
            "\u0938\u0902\u091c\u094d\u091e\u093e",
            "\u0926\u0940",
            "\u0917\u092f\u0940",
            "end"
        ],
        "tags": [
            "sos",
            "nmod",
            "case",
            "obj",
            "nmod",
            "case",
            "xcomp",
            "root",
            "aux",
            "eos"
        ]
    },
    "8": {
        "words": [
            "<start>",
            "\u092e\u0927\u094d\u092f\u092a\u094d\u0930\u0926\u0947\u0936",
            "\u0915\u0940",
            "\u0938\u0902\u0938\u094d\u0915\u0943\u0924\u093f",
            "\u0935\u093f\u0935\u093f\u0927\u0935\u0930\u094d\u0923\u0940",
            "\u0939\u0948",
            "end"
        ],
        "tags": [
            "sos",
            "nmod",
            "case",
            "nsubj",
            "dobj",
            "",
            ""
        ]
    },
    "9": {
        "words": [
            "<start>",
            "\u0930\u093e\u091c\u094d\u092f",
            "\u092e\u0947\u0902",
            "\u0915\u0943\u0937\u093f\u092a\u094d\u0930\u0927\u093e\u0928",
            "\u0905\u0930\u094d\u0925\u0935\u094d\u092f\u0935\u0938\u094d\u0925\u093e",
            "\u0939\u0948",
            "end"
        ],
        "tags": [
            "sos",
            "nmod",
            "case",
            "amod",
            "nsubj",
            "case",
            "compound"
        ]
    },
    "10": {
        "words": [
            "<start>",
            "\u092e\u0927\u094d\u092f",
            "\u092a\u094d\u0930\u0926\u0947\u0936",
            "\u092e\u0947\u0902",
            "\u0935\u093f\u0927\u093e\u0928",
            "\u0938\u092d\u093e",
            "\u0915\u0940",
            "230",
            "\u0938\u0940\u091f",
            "\u0939\u0948",
            "end"
        ],
        "tags": [
            "sos",
            "compound",
            "nmod",
            "case",
            "compound",
            "nmod",
            "case",
            "amod",
            "nsubj",
            "case",
            "compound"
        ]
    },
    "11": {
        "words": [
            "<start>",
            "\u091c\u0928\u0938\u0902\u0916\u094d\u092f\u093e",
            "\u0918\u0928\u0924\u094d\u0935",
            "\u092a\u094d\u0930\u0924\u093f",
            "\u0935\u0930\u094d\u0917",
            "\u0915\u093f\u0970\u092e\u0940\u0970",
            "126",
            "\u0939\u0948",
            "end"
        ],
        "tags": [
            "sos",
            "nsubj",
            "amod",
            "dep",
            "compound",
            "dobj",
            "dobj",
            "",
            ""
        ]
    },
    "12": {
        "words": [
            "<start>",
            "\u092e\u0927\u094d\u092f",
            "\u092a\u094d\u0930\u0926\u0947\u0936",
            "\u092e\u0947\u0902",
            "\u0909\u092a\u094b\u0937\u094d\u0923\u0915\u091f\u093f\u092c\u0902\u0927\u0940\u092f",
            "\u091c\u0932\u0935\u093e\u092f\u0941",
            "\u0939\u0948",
            "end"
        ],
        "tags": [
            "sos",
            "compound",
            "nmod",
            "case",
            "amod",
            "nsubj",
            "case",
            "compound"
        ]
    },
    "13": {
        "words": [
            "<start>",
            "\u0930\u093e\u091c\u0938\u094d\u0925\u093e\u0928",
            "\u092d\u093e\u0930\u0924",
            "\u0915\u093e",
            "\u090f\u0915",
            "\u092e\u0939\u0924\u094d\u0935\u092a\u0942\u0930\u094d\u0923",
            "\u092a\u094d\u0930\u093e\u0902\u0924",
            "\u0939\u0948",
            "end"
        ],
        "tags": [
            "sos",
            "nsubj",
            "nmod",
            "case",
            "amod",
            "amod",
            "dobj",
            "",
            ""
        ]
    },
    "14": {
        "words": [
            "<start>",
            "\u0907\u0938\u0915\u0947",
            "\u092a\u0930\u094d\u092f\u091f\u0928",
            "\u0909\u0926\u094d\u092f\u094b\u0917",
            "\u092e\u0947\u0902",
            "\u0915\u093e\u092b\u0940",
            "\u0935\u0943\u0926\u094d\u0927\u093f",
            "\u0939\u0941\u0908",
            "\u0939\u0948",
            "end"
        ],
        "tags": [
            "sos",
            "nmod",
            "compound",
            "nmod",
            "case",
            "amod",
            "compound",
            "root",
            "aux",
            "eos"
        ]
    },
    "15": {
        "words": [
            "<start>",
            "\u092f\u0939\u093e\u0901",
            "\u0915\u0947",
            "\u0932\u094b\u0917\u094b\u0902",
            "\u0928\u0947",
            "\u0915\u092d\u0940",
            "\u092d\u0940",
            "\u0905\u0915\u093e\u0932",
            "\u0915\u094b",
            "\u0928\u0939\u0940\u0902",
            "\u0926\u0947\u0916\u093e",
            "end"
        ],
        "tags": [
            "sos",
            "nmod",
            "case",
            "nsubj",
            "case",
            "nmod",
            "dep",
            "dobj",
            "case",
            "neg",
            "",
            ""
        ]
    },
    "16": {
        "words": [
            "<start>",
            "\u0928\u093f\u092e\u093e\u0921\u093c",
            "\u092e\u0927\u094d\u092f\u092a\u094d\u0930\u0926\u0947\u0936",
            "\u0915\u0947",
            "\u092a\u0936\u094d\u091a\u093f\u092e\u0940",
            "\u0905\u0902\u091a\u0932",
            "\u092e\u0947\u0902",
            "\u0938\u094d\u0925\u093f\u0924",
            "\u0939\u0948",
            "end"
        ],
        "tags": [
            "sos",
            "compound",
            "nmod",
            "case",
            "amod",
            "nmod",
            "case",
            "dobj",
            "",
            ""
        ]
    },
    "17": {
        "words": [
            "<start>",
            "\u092f\u0939\u093e\u0901",
            "\u0915\u0940",
            "\u0927\u0930\u0924\u0940",
            "\u0939\u0930\u0940-\u092d\u0930\u0940,",
            "\u0927\u0928-\u0927\u093e\u0928\u094d\u092f",
            "\u0938\u0947",
            "\u092d\u0930\u092a\u0942\u0930",
            "\u0930\u0939\u0940",
            "\u0939\u0948",
            "end"
        ],
        "tags": [
            "sos",
            "nmod",
            "case",
            "nsubj",
            "nsubj",
            "advmod",
            "case",
            "compound",
            "aux",
            "eos",
            ""
        ]
    },
    "18": {
        "words": [
            "<start>",
            "\u091c\u092c\u0932\u092a\u0941\u0930",
            "\u0938\u0902\u092d\u093e\u0917",
            "\u0915\u093e",
            "\u0938\u0902\u092a\u0942\u0930\u094d\u0923",
            "\u0939\u093f\u0938\u094d\u0938\u093e",
            "\u092e\u0939\u093e\u0915\u094b\u0936\u0932",
            "\u0915\u0939\u0932\u093e\u0924\u093e",
            "\u0939\u0948",
            "end"
        ],
        "tags": [
            "sos",
            "amod",
            "nmod",
            "case",
            "amod",
            "nsubj",
            "nsubj",
            "case",
            "aux",
            "eos"
        ]
    },
    "19": {
        "words": [
            "<start>",
            "\u0935\u093e\u0932\u094d\u092e\u0940\u0915\u093f",
            "\u0928\u0947",
            "\u0930\u093e\u091c\u0938\u094d\u0925\u093e\u0928",
            "\u092a\u094d\u0930\u0926\u0947\u0936",
            "\u0915\u094b",
            "\u092e\u0930\u0941\u0915\u093e\u0928\u094d\u0924\u093e\u0930",
            "\u0915\u0939\u093e",
            "\u0939\u0948",
            "end"
        ],
        "tags": [
            "sos",
            "nsubj",
            "case",
            "compound",
            "obj",
            "case",
            "acl",
            "compound",
            "aux",
            "eos"
        ]
    },
    "20": {
        "words": [
            "<start>",
            "\u0905\u092a\u0928\u0947",
            "\u0915\u094d\u0937\u0947\u0924\u094d\u0930",
            "\u0915\u0940",
            "30%",
            "\u0938\u0947",
            "\u0905\u0927\u093f\u0915",
            "\u0935\u0928",
            "\u0915\u094d\u0937\u0947\u0924\u094d\u0930",
            "\u0915\u0947",
            "\u0905\u0927\u0940\u0928",
            "\u0939\u0948",
            "end"
        ],
        "tags": [
            "sos",
            "nmod",
            "nmod",
            "case",
            "advmod",
            "case",
            "amod",
            "compound",
            "nmod",
            "case",
            "case",
            "compound",
            "root"
        ]
    },
    "21": {
        "words": [
            "<start>",
            "\u0930\u093e\u091c\u0938\u094d\u0925\u093e\u0928",
            "\u0915\u093e",
            "\u092a\u0942\u0930\u094d\u0935\u0940",
            "\u0938\u092e\u094d\u092d\u093e\u0917",
            "\u0936\u0941\u0930\u0941",
            "\u0938\u0947",
            "\u0939\u0940",
            "\u0909\u092a\u091c\u093e\u090a",
            "\u0930\u0939\u093e",
            "\u0939\u0948",
            "end"
        ],
        "tags": [
            "sos",
            "nmod",
            "case",
            "amod",
            "nsubj",
            "nmod",
            "case",
            "dep",
            "dobj",
            "",
            "aux",
            "eos"
        ]
    },
    "22": {
        "words": [
            "<start>",
            "\u092f\u0939",
            "\u0938\u092e\u094d\u092d\u093e\u0917",
            "\u0905\u092d\u0940",
            "\u0924\u0915",
            "\u0914\u0926\u094d\u092f\u094b\u0917\u093f\u0915",
            "\u0926\u0943\u0937\u094d\u091f\u093f",
            "\u0938\u0947",
            "\u092a\u093f\u091b\u0921\u093c\u093e",
            "\u0939\u0941\u0906",
            "\u0939\u0948",
            "end"
        ],
        "tags": [
            "sos",
            "amod",
            "nsubj",
            "nmod",
            "case",
            "amod",
            "advmod",
            "case",
            "compound",
            "root",
            "aux",
            "eos"
        ]
    },
    "23": {
        "words": [
            "<start>",
            "\u092f\u0939",
            "\u092d\u0942-\u092d\u093e\u0917",
            "\u0930\u093e\u092e\u093e\u092f\u0923\u0915\u093e\u0932",
            "\u092e\u0947\u0902",
            "\u0915\u094b\u0938\u0932",
            "\u092a\u094d\u0930\u093e\u0928\u094d\u0924",
            "\u0915\u0947",
            "\u0905\u0928\u094d\u0924\u0930\u094d\u0917\u0924",
            "\u0925\u093e",
            "end"
        ],
        "tags": [
            "sos",
            "amod",
            "nsubj",
            "nmod",
            "case",
            "amod",
            "nmod",
            "case",
            "case",
            "compound",
            "root"
        ]
    },
    "24": {
        "words": [
            "<start>",
            "\u0928\u0930\u094d\u092e\u0926\u093e",
            "\u0928\u0926\u0940",
            "\u092e\u0927\u094d\u092f",
            "\u092a\u094d\u0930\u0926\u0947\u0936",
            "\u0915\u0940",
            "\u0938\u092c\u0938\u0947",
            "\u092a\u094d\u0930\u092e\u0941\u0916",
            "\u0914\u0930",
            "\u0932\u0902\u092c\u0940",
            "\u0928\u0926\u0940",
            "\u0939\u0948\u0902",
            "end"
        ],
        "tags": [
            "sos",
            "amod",
            "nsubj",
            "compound",
            "nmod",
            "case",
            "advmod",
            "case",
            "amod",
            "nmod",
            "dobj",
            "",
            ""
        ]
    },
    "25": {
        "words": [
            "<start>",
            "\u0930\u093e\u091c\u094d\u092f",
            "\u092e\u0947\u0902",
            "\u092d\u093e\u0930\u0924",
            "\u0915\u093e",
            "\u0939\u0940\u0930\u0947",
            "\u0914\u0930",
            "\u0924\u093e\u0902\u092c\u0947",
            "\u0915\u093e",
            "\u0938\u092c\u0938\u0947",
            "\u092c\u0921\u093c\u093e",
            "\u092d\u0902\u0921\u093e\u0930",
            "\u0939\u0948",
            "end"
        ],
        "tags": [
            "sos",
            "nmod",
            "case",
            "nmod",
            "case",
            "compound",
            "nmod",
            "case",
            "case",
            "advmod",
            "amod",
            "nsubj",
            "case",
            "compound"
        ]
    },
    "26": {
        "words": [
            "<start>",
            "\u092d\u0930\u0924\u092a\u0941\u0930",
            "\u092d\u093e\u0930\u0924",
            "\u0915\u0947",
            "\u092a\u0930\u094d\u092f\u091f\u0928",
            "\u092e\u093e\u0928\u091a\u093f\u0924\u094d\u0930",
            "\u092e\u0947\u0902",
            "\u0905\u092a\u0928\u093e",
            "\u092e\u0939\u0924\u094d\u0935",
            "\u0930\u0916\u0924\u093e",
            "\u0939\u0948",
            "end"
        ],
        "tags": [
            "sos",
            "nsubj",
            "nmod",
            "case",
            "compound",
            "nmod",
            "case",
            "nmod",
            "dobj",
            "",
            "aux",
            "eos"
        ]
    },
    "27": {
        "words": [
            "<start>",
            "\u0907\u0938",
            "\u0915\u094d\u0937\u0947\u0924\u094d\u0930",
            "\u0915\u093e",
            "\u0938\u093e\u0902\u0938\u094d\u0915\u0943\u0924\u093f\u0915-\u0906\u0930\u094d\u0925\u093f\u0915",
            "\u0915\u0947\u0902\u0926\u094d\u0930",
            "\u0917\u094d\u0935\u093e\u0932\u093f\u092f\u0930",
            "\u0936\u0939\u0930",
            "\u0939\u0948",
            "end"
        ],
        "tags": [
            "sos",
            "amod",
            "nmod",
            "case",
            "amod",
            "nsubj",
            "amod",
            "dobj",
            "",
            ""
        ]
    },
    "28": {
        "words": [
            "<start>",
            "\u092a\u094d\u0930\u093e\u091a\u0940\u0928",
            "\u0938\u092e\u092f",
            "\u092e\u0947\u0902",
            "\u0930\u093e\u091c\u0938\u094d\u0925\u093e\u0928",
            "\u092e\u0947\u0902",
            "\u0906\u0926\u093f\u0935\u093e\u0938\u0940",
            "\u0915\u092c\u0940\u0932\u094b\u0902",
            "\u0915\u093e",
            "\u0936\u093e\u0938\u0928",
            "\u0925\u093e",
            "end"
        ],
        "tags": [
            "sos",
            "amod",
            "nmod",
            "case",
            "nmod",
            "case",
            "amod",
            "nmod",
            "case",
            "nsubj",
            "case",
            "compound"
        ]
    },
    "29": {
        "words": [
            "<start>",
            "\u092e\u0927\u094d\u092f",
            "\u092a\u094d\u0930\u0926\u0947\u0936",
            "\u0915\u0940",
            "\u0938\u0940\u092e\u093e\u0910\u0902",
            "\u092a\u093e\u0902\u091a",
            "\u0930\u093e\u091c\u094d\u092f\u094b\u0902",
            "\u0915\u0940",
            "\u0938\u0940\u092e\u093e\u0913\u0902",
            "\u0938\u0947",
            "\u092e\u093f\u0932\u0924\u0940",
            "\u0939\u0948",
            "end"
        ],
        "tags": [
            "sos",
            "compound",
            "nmod",
            "case",
            "nsubj",
            "amod",
            "nmod",
            "case",
            "nmod",
            "case",
            "compound",
            "aux",
            "eos"
        ]
    },
    "30": {
        "words": [
            "<start>",
            "\u092e\u0927\u094d\u092f",
            "\u092a\u094d\u0930\u0926\u0947\u0936",
            "\u092e\u0947\u0902",
            "\u092c\u0938",
            "\u0914\u0930",
            "\u091f\u094d\u0930\u0947\u0928",
            "\u0938\u0947\u0935\u093e\u090f\u0902",
            "\u091a\u093e\u0930\u094b",
            "\u0924\u0930\u092b",
            "\u092b\u0948\u0932\u0940",
            "\u0939\u0941\u0908",
            "\u0939\u0948\u0902",
            "end"
        ],
        "tags": [
            "sos",
            "compound",
            "nmod",
            "case",
            "compound",
            "nsubj",
            "compound",
            "root",
            "amod",
            "advmod",
            "case",
            "aux",
            "eos",
            ""
        ]
    },
    "31": {
        "words": [
            "<start>",
            "\u0907\u0938\u092e\u0947\u0902",
            "\u092e\u093f\u0932",
            "\u092e\u0947\u0902",
            "\u0936\u0915\u094d\u0915\u0930",
            "\u092c\u0928\u093e\u0928\u0947",
            "\u0915\u093e",
            "\u0915\u093e\u0930\u094d\u092f",
            "1946",
            "\u092e\u0947\u0902",
            "\u092a\u094d\u0930\u093e\u0930\u092e\u094d\u092d",
            "\u0939\u0941\u0906",
            "end"
        ],
        "tags": [
            "sos",
            "nmod",
            "nmod",
            "case",
            "xcomp",
            "nmod",
            "case",
            "nsubj",
            "nmod",
            "case",
            "compound",
            "root",
            "cop"
        ]
    },
    "32": {
        "words": [
            "<start>",
            "\u092e\u0927\u094d\u092f\u092a\u094d\u0930\u0926\u0947\u0936",
            "\u0935\u093f\u092d\u093f\u0928\u094d\u0928",
            "\u0932\u094b\u0915",
            "\u0914\u0930",
            "\u091c\u0928\u091c\u093e\u0924\u0940\u092f",
            "\u0938\u0902\u0938\u094d\u0915\u0943\u0924\u093f\u092f\u094b\u0902",
            "\u0915\u093e",
            "\u0938\u092e\u093e\u0917\u092e",
            "\u0939\u0948",
            "end"
        ],
        "tags": [
            "sos",
            "nsubj",
            "amod",
            "nmod",
            "nmod",
            "amod",
            "nmod",
            "case",
            "dobj",
            "",
            ""
        ]
    },
    "33": {
        "words": [
            "<start>",
            "\u092b\u093f\u0930",
            "\u0907\u0938\u0947",
            "\u092a\u0942\u0930\u094d\u0935\u0940",
            "\u0914\u0930",
            "\u092a\u0936\u094d\u091a\u093f\u092e\u0940",
            "\u0928\u093f\u092e\u093e\u0921\u093c",
            "\u0915\u0947",
            "\u0930\u0942\u092a",
            "\u092e\u0947\u0902",
            "\u091c\u093e\u0928\u093e",
            "\u091c\u093e\u0928\u0947",
            "\u0932\u0917\u093e",
            "end"
        ],
        "tags": [
            "sos",
            "advmod",
            "dobj",
            "",
            "amod",
            "nmod",
            "nmod",
            "case",
            "case",
            "case",
            "compound",
            "aux",
            "eos",
            ""
        ]
    },
    "34": {
        "words": [
            "<start>",
            "\u092e\u0927\u094d\u092f\u092a\u094d\u0930\u0926\u0947\u0936",
            "\u092e\u0941\u0916\u094d\u092f",
            "\u0930\u0942\u092a",
            "\u0938\u0947",
            "\u0905\u092a\u0928\u0947",
            "\u092a\u0930\u094d\u092f\u091f\u0928",
            "\u0915\u0947",
            "\u0932\u093f\u090f",
            "\u092d\u0940",
            "\u091c\u093e\u0928\u093e",
            "\u091c\u093e\u0924\u093e",
            "\u0939\u0948",
            "end"
        ],
        "tags": [
            "sos",
            "nsubj",
            "amod",
            "advmod",
            "case",
            "nmod",
            "advcl",
            "case",
            "case",
            "dep",
            "nummod",
            "aux",
            "eos",
            ""
        ]
    },
    "35": {
        "words": [
            "<start>",
            "\u092d\u0940\u0932",
            "\u0914\u0930",
            "\u092e\u0940\u0928\u093e",
            "\u091c\u0928\u091c\u093e\u0924\u093f",
            "\u0907\u0938",
            "\u0915\u094d\u0937\u0947\u0924\u094d\u0930",
            "\u092e\u0947\u0902",
            "\u0930\u0939\u0928\u0947",
            "\u0915\u0947",
            "\u0932\u093f\u090f",
            "\u0938\u092c\u0938\u0947",
            "\u092a\u0939\u0932\u0947",
            "\u0925\u0947",
            "end"
        ],
        "tags": [
            "sos",
            "nmod",
            "nsubj",
            "compound",
            "root",
            "amod",
            "nmod",
            "case",
            "advcl",
            "case",
            "case",
            "amod",
            "nmod",
            "case",
            "compound"
        ]
    },
    "36": {
        "words": [
            "<start>",
            "\u090f\u0915",
            "\u0938\u0941\u0902\u0926\u0930",
            "\u092c\u0917\u0940\u091a\u093e,",
            "\u0928\u0947\u0939\u0930\u0942",
            "\u092a\u093e\u0930\u094d\u0915,",
            "\u091c\u094b",
            "\u092d\u0930\u0924\u092a\u0941\u0930",
            "\u0938\u0902\u0917\u094d\u0930\u0939\u093e\u0932\u092f",
            "\u0915\u0947",
            "\u092a\u093e\u0938",
            "\u0939\u0948",
            "end"
        ],
        "tags": [
            "sos",
            "amod",
            "amod",
            "nsubj",
            "amod",
            "amod",
            "nsubj",
            "amod",
            "nmod",
            "case",
            "case",
            "compound",
            "root"
        ]
    },
    "37": {
        "words": [
            "<start>",
            "\u092e\u0940\u0923\u093e",
            "\u092c\u093e\u0939\u0941\u0932\u094d\u092f",
            "\u0907\u0938",
            "\u091c\u093f\u0932\u0947",
            "\u0915\u093e",
            "\u0910\u0924\u093f\u0939\u093e\u0938\u093f\u0915\u0924\u093e",
            "\u0915\u0947",
            "\u0924\u094c\u0930",
            "\u092a\u0930",
            "\u0915\u093e\u092b\u0940",
            "\u092e\u0939\u0924\u094d\u0935",
            "\u0939\u0948",
            "end"
        ],
        "tags": [
            "sos",
            "advmod",
            "amod",
            "amod",
            "nmod",
            "case",
            "nmod",
            "case",
            "case",
            "case",
            "amod",
            "nsubj",
            "case",
            "compound"
        ]
    },
    "38": {
        "words": [
            "<start>",
            "\u0935\u0939\u0940",
            "\u0938\u093e\u0901\u091a\u0940",
            "\u092e\u0947\u0902",
            "\u0938\u094d\u0925\u093f\u0924",
            "\u0938\u093e\u0901\u091a\u0940",
            "\u0915\u093e",
            "\u0938\u094d\u0924\u0942\u092a,",
            "\u092c\u094c\u0927\u094d\u0926",
            "\u0915\u0947",
            "\u0932\u093f\u090f",
            "\u0915\u0947\u0902\u0926\u094d\u0930",
            "\u0939\u0948\u0902",
            "end"
        ],
        "tags": [
            "sos",
            "nmod",
            "advmod",
            "case",
            "amod",
            "nmod",
            "case",
            "amod",
            "advcl",
            "case",
            "case",
            "nsubj",
            "case",
            "compound"
        ]
    },
    "39": {
        "words": [
            "<start>",
            "\u0938\u0928\u094d",
            "1991",
            "\u0915\u0940",
            "\u091c\u0928\u0917\u0923\u0928\u093e",
            "\u0915\u0947",
            "\u0905\u0928\u0941\u0938\u093e\u0930",
            "\u0930\u093e\u091c\u094d\u092f",
            "\u0915\u0940",
            "\u091c\u0928\u0938\u0902\u0916\u094d\u092f\u093e",
            "4.39",
            "\u0915\u0930\u094b\u0921\u093c",
            "\u0925\u0940",
            "end"
        ],
        "tags": [
            "sos",
            "compound",
            "nmod",
            "case",
            "nmod",
            "case",
            "case",
            "nmod",
            "case",
            "nsubj",
            "case",
            "dobj",
            "",
            ""
        ]
    },
    "40": {
        "words": [
            "<start>",
            "26",
            "\u091c\u0928\u0935\u0930\u0940,",
            "1950",
            "\u0915\u094b",
            "\u0907\u0938",
            "\u092a\u094d\u0930\u0926\u0947\u0936",
            "\u0915\u093e",
            "\u0928\u093e\u092e",
            "\u0930\u093e\u091c\u0938\u094d\u0925\u093e\u0928",
            "\u0938\u094d\u0935\u0940\u0915\u0943\u0924",
            "\u0915\u093f\u092f\u093e",
            "\u0917\u092f\u093e",
            "end"
        ],
        "tags": [
            "sos",
            "compound",
            "compound",
            "nmod",
            "case",
            "amod",
            "nmod",
            "case",
            "xcomp",
            "nmod",
            "compound",
            "root",
            "aux",
            "eos"
        ]
    },
    "41": {
        "words": [
            "<start>",
            "\u092e\u0927\u094d\u092f",
            "\u092a\u094d\u0930\u0926\u0947\u0936",
            "\u092e\u0947\u0902",
            "\u0905\u092a\u0928\u0940",
            "\u0936\u093e\u0938\u094d\u0924\u094d\u0930\u0940\u092f",
            "\u0914\u0930",
            "\u0932\u094b\u0915",
            "\u0938\u0902\u0917\u0940\u0924",
            "\u0915\u0947",
            "\u0932\u093f\u090f",
            "\u0935\u093f\u0916\u094d\u092f\u093e\u0924",
            "\u0939\u0948",
            "end"
        ],
        "tags": [
            "sos",
            "compound",
            "nmod",
            "case",
            "nmod",
            "case",
            "amod",
            "nmod",
            "advcl",
            "case",
            "case",
            "dobj",
            "",
            ""
        ]
    },
    "42": {
        "words": [
            "<start>",
            "\u0930\u093e\u091c\u094d\u092f",
            "\u0928\u0947",
            "\u0935\u0930\u094d\u0937",
            "2010-11",
            "\u0915\u0947",
            "\u0932\u093f\u092f\u0947",
            "\u0930\u093e\u0937\u094d\u091f\u094d\u0930\u0940\u092f",
            "\u092a\u0930\u094d\u092f\u091f\u0928",
            "\u092a\u0941\u0930\u0938\u094d\u0915\u093e\u0930",
            "\u091c\u0940\u0924\u093e",
            "\u0925\u093e",
            "end"
        ],
        "tags": [
            "sos",
            "nsubj",
            "case",
            "amod",
            "advcl",
            "case",
            "case",
            "compound",
            "compound",
            "nsubj",
            "case",
            "aux",
            "eos"
        ]
    },
    "43": {
        "words": [
            "<start>",
            "\u0938\u0928\u094d",
            "1976",
            "\u092e\u0947\u0902",
            "\u0909\u0926\u092f\u092a\u0941\u0930",
            "\u092e\u0947\u0902",
            "\u091a\u0940\u0928\u0940",
            "\u092e\u093f\u0932",
            "\u0928\u093f\u091c\u0940",
            "\u0915\u094d\u0937\u0947\u0924\u094d\u0930",
            "\u092e\u0947\u0902",
            "\u0938\u094d\u0925\u093e\u092a\u093f\u0924",
            "\u0915\u0940",
            "\u0917\u0908",
            "end"
        ],
        "tags": [
            "sos",
            "compound",
            "nmod",
            "case",
            "nmod",
            "case",
            "amod",
            "parataxis",
            "amod",
            "nmod",
            "case",
            "compound",
            "root",
            "aux",
            "eos"
        ]
    },
    "44": {
        "words": [
            "<start>",
            "\u0930\u093e\u091c\u0938\u094d\u0925\u093e\u0928",
            "\u092d\u093e\u0930\u0924",
            "\u0917\u0923\u0930\u093e\u091c\u094d\u092f",
            "\u0915\u093e",
            "\u0915\u094d\u0937\u0947\u0924\u094d\u0930\u092b\u0932",
            "\u0915\u0947",
            "\u0906\u0927\u093e\u0930",
            "\u092a\u0930",
            "\u0938\u092c\u0938\u0947",
            "\u092c\u0921\u093c\u093e",
            "\u0930\u093e\u091c\u094d\u092f",
            "\u0939\u0948",
            "end"
        ],
        "tags": [
            "sos",
            "nsubj",
            "compound",
            "nmod",
            "case",
            "nmod",
            "case",
            "nmod",
            "case",
            "advmod",
            "amod",
            "nsubj",
            "case",
            "compound"
        ]
    },
    "45": {
        "words": [
            "<start>",
            "\u092c\u0918\u0947\u0932\u0916\u0923\u094d\u0921",
            "\u0915\u0940",
            "\u0927\u0930\u0924\u0940",
            "\u0915\u093e",
            "\u0938\u092e\u094d\u092c\u0928\u094d\u0927",
            "\u0905\u0924\u093f",
            "\u092a\u094d\u0930\u093e\u091a\u0940\u0928",
            "\u092d\u093e\u0930\u0924\u0940\u092f",
            "\u0938\u0902\u0938\u094d\u0915\u0943\u0924\u093f",
            "\u0938\u0947",
            "\u0930\u0939\u093e",
            "\u0939\u0948",
            "end"
        ],
        "tags": [
            "sos",
            "nmod",
            "case",
            "nmod",
            "case",
            "nsubj",
            "advmod",
            "amod",
            "nmod",
            "nmod",
            "case",
            "compound",
            "aux",
            "eos"
        ]
    },
    "46": {
        "words": [
            "<start>",
            "\u0924\u093e\u092a\u094d\u0924\u0940",
            "\u0928\u0926\u0940",
            "\u092d\u0940",
            "\u0928\u0930\u094d\u092e\u0926\u093e",
            "\u0915\u0947",
            "\u0938\u092e\u093e\u0928\u093e\u0902\u0924\u0930,",
            "\u0926\u0930\u093e\u0930",
            "\u0918\u093e\u091f\u0940",
            "\u0915\u0947",
            "\u092e\u093e\u0927\u094d\u092f\u092e",
            "\u0938\u0947",
            "\u092c\u0939\u0924\u0940",
            "\u0939\u0948\u0902",
            "end"
        ],
        "tags": [
            "sos",
            "amod",
            "nsubj",
            "dep",
            "nmod",
            "case",
            "amod",
            "nsubj",
            "nmod",
            "case",
            "advmod",
            "case",
            "compound",
            "aux",
            "eos"
        ]
    },
    "47": {
        "words": [
            "<start>",
            "\u092d\u0930\u0924\u092a\u0941\u0930",
            "\u0915\u0947",
            "\u091c\u093e\u091f",
            "\u0936\u093e\u0938\u0915",
            "\u0928\u0947",
            "\u092d\u0940",
            "\u0905\u092a\u0928\u0940",
            "\u0930\u093f\u092f\u093e\u0938\u0924",
            "\u0915\u0947",
            "\u0935\u093f\u0932\u092f",
            "\u0930\u093e\u091c\u0938\u094d\u0925\u093e\u0928",
            "\u092e\u0947\u0902",
            "\u0915\u093f\u092f\u093e",
            "\u0925\u093e",
            "end"
        ],
        "tags": [
            "sos",
            "nmod",
            "case",
            "amod",
            "nsubj",
            "case",
            "dep",
            "nmod",
            "nmod",
            "case",
            "compound",
            "nmod",
            "case",
            "compound",
            "aux",
            "eos"
        ]
    },
    "48": {
        "words": [
            "<start>",
            "\u0930\u093e\u091c\u094d\u092f",
            "\u0915\u0947",
            "\u091c\u0902\u0917\u0932\u094b\u0902",
            "\u092e\u0947\u0902",
            "\u0938\u093e\u0917\u094c\u0928",
            "\u0914\u0930",
            "\u0938\u093e\u0932",
            "\u0915\u0947",
            "\u092a\u0947\u0921\u093c",
            "\u092c\u0939\u0941\u0924\u093e\u092f\u0924",
            "\u092e\u0947\u0902",
            "\u092a\u093e\u092f\u0947",
            "\u091c\u093e\u0924\u0947",
            "\u0939\u0948\u0902",
            "end"
        ],
        "tags": [
            "sos",
            "nmod",
            "case",
            "nmod",
            "case",
            "compound",
            "nsubj",
            "nmod",
            "case",
            "compound",
            "nmod",
            "case",
            "compound",
            "aux",
            "eos",
            ""
        ]
    },
    "49": {
        "words": [
            "<start>",
            "\u0921\u0940\u0917",
            "\u091c\u0932\u092e\u0939\u0932",
            "\u090f\u0915",
            "\u0906\u0915\u0930\u094d\u0937\u0915",
            "\u0930\u093e\u091c\u092e\u0939\u0932",
            "\u0939\u0948,",
            "\u091c\u094b",
            "\u092d\u0930\u0924\u092a\u0941\u0930",
            "\u0915\u0947",
            "\u091c\u093e\u091f",
            "\u0936\u093e\u0938\u0915\u094b\u0902",
            "\u0928\u0947",
            "\u092c\u0928\u0935\u093e\u092f\u093e",
            "\u0925\u093e",
            "end"
        ],
        "tags": [
            "sos",
            "compound",
            "nmod",
            "amod",
            "amod",
            "nmod",
            "parataxis",
            "nsubj",
            "nmod",
            "case",
            "amod",
            "nsubj",
            "case",
            "compound",
            "aux",
            "eos"
        ]
    },
    "50": {
        "words": [
            "<start>",
            "\u092a\u0928\u094d\u0928\u093e",
            "\u0927\u093e\u092f",
            "\u091c\u0948\u0938\u0940",
            "\u092c\u0932\u093f\u0926\u093e\u0928\u0940",
            "\u092e\u093e\u0924\u093e,",
            "\u092e\u0940\u0930\u093e\u0902",
            "\u091c\u0948\u0938\u0940",
            "\u091c\u094b\u0917\u093f\u0928",
            "\u092f\u0939\u093e\u0902",
            "\u0915\u0940",
            "\u090f\u0915",
            "\u092c\u0921\u093c\u0940",
            "\u0936\u093e\u0928",
            "\u0939\u0948",
            "end"
        ],
        "tags": [
            "sos",
            "amod",
            "nmod",
            "case",
            "compound",
            "compound",
            "root",
            "nmod",
            "case",
            "nmod",
            "case",
            "amod",
            "amod",
            "dobj",
            "",
            ""
        ]
    },
    "51": {
        "words": [
            "<start>",
            "\u0930\u093e\u091c\u0938\u094d\u0925\u093e\u0928",
            "\u0915\u0947",
            "\u0906\u0926\u093f\u0935\u093e\u0938\u0940",
            "\u0907\u0928\u094d\u0939\u0940\u0902",
            "\u092e\u0924\u094d\u0938\u094d\u092f\u094b\u0902",
            "\u0915\u0947",
            "\u0935\u0902\u0936\u091c",
            "\u0906\u091c",
            "\u092e\u0940\u0928\u093e",
            "/",
            "\u092e\u0940\u0923\u093e",
            "\u0915\u0939\u0932\u093e\u0924\u0947",
            "\u0939\u0948\u0902",
            "end"
        ],
        "tags": [
            "sos",
            "nmod",
            "case",
            "amod",
            "amod",
            "nmod",
            "case",
            "nsubj",
            "nmod",
            "compound",
            "punct",
            "acl",
            "compound",
            "aux",
            "eos"
        ]
    },
    "52": {
        "words": [
            "<start>",
            "\u0938\u0940\u092e\u0947\u0928\u094d\u091f",
            "\u0909\u0926\u094d\u092f\u094b\u0917",
            "\u0915\u0940",
            "\u0926\u0943\u0937\u094d\u091f\u093f",
            "\u0938\u0947",
            "'\u0930\u093e\u091c\u0938\u094d\u0925\u093e\u0928",
            "\u0915\u093e",
            "\u092a\u0942\u0930\u0947",
            "\u092d\u093e\u0930\u0924",
            "\u092e\u0947\u0902",
            "\u092a\u094d\u0930\u0925\u092e",
            "\u0938\u094d\u0925\u093e\u0928",
            "\u0939\u0948",
            "end"
        ],
        "tags": [
            "sos",
            "compound",
            "nmod",
            "case",
            "advcl",
            "case",
            "nmod",
            "case",
            "amod",
            "nmod",
            "case",
            "amod",
            "nsubj",
            "case",
            "compound"
        ]
    },
    "53": {
        "words": [
            "<start>",
            "\u0938\u094d\u0935\u0924\u094d\u0930\u0902\u0924\u093e",
            "\u092a\u0942\u0930\u094d\u0935",
            "\u092e\u0927\u094d\u092f",
            "\u092a\u094d\u0930\u0926\u0947\u0936",
            "\u0915\u094d\u0937\u0947\u0924\u094d\u0930",
            "\u0905\u092a\u0928\u0947",
            "\u0935\u0930\u094d\u0924\u092e\u093e\u0928",
            "\u0938\u094d\u0935\u0930\u0942\u092a",
            "\u0938\u0947",
            "\u0915\u093e\u092b\u0940",
            "\u0905\u0932\u0917",
            "\u0925\u093e",
            "end"
        ],
        "tags": [
            "sos",
            "nsubj",
            "amod",
            "compound",
            "amod",
            "nsubj",
            "nmod",
            "amod",
            "nmod",
            "case",
            "amod",
            "dobj",
            "",
            ""
        ]
    },
    "54": {
        "words": [
            "<start>",
            "\u0938\u094b\u0928",
            "\u0914\u0930",
            "\u0909\u0938\u0915\u0940",
            "\u0938\u0939\u093e\u092f\u0915",
            "\u0928\u0926\u093f\u092f\u094b\u0902,",
            "\u0917\u0902\u0917\u093e",
            "\u092e\u0947\u0902",
            "\u092e\u093e\u0928\u0938\u0942\u0928",
            "\u0915\u093e",
            "\u0905\u0925\u093e\u0939",
            "\u091c\u0932",
            "\u092a\u094d\u0930\u0935\u093e\u0939\u093f\u0924",
            "\u0915\u0930\u0924\u0940",
            "\u0939\u0948\u0902\u0902",
            "end"
        ],
        "tags": [
            "sos",
            "nmod",
            "nsubj",
            "nmod",
            "case",
            "nsubj",
            "nmod",
            "case",
            "nmod",
            "case",
            "amod",
            "nsubj",
            "compound",
            "root",
            "aux",
            "eos"
        ]
    },
    "55": {
        "words": [
            "<start>",
            "\u0916\u0928\u093f\u091c",
            "\u0938\u0902\u0938\u093e\u0927\u0928\u094b\u0902",
            "\u0938\u0947",
            "\u0938\u092e\u0943\u0926\u094d\u0927,",
            "\u092e\u0927\u094d\u092f",
            "\u092a\u094d\u0930\u0926\u0947\u0936",
            "\u0939\u0940\u0930\u0947",
            "\u0914\u0930",
            "\u0924\u093e\u0902\u092c\u0947",
            "\u0915\u093e",
            "\u0938\u092c\u0938\u0947",
            "\u092c\u0921\u093c\u093e",
            "\u092d\u0902\u0921\u093e\u0930",
            "\u0939\u0948",
            "end"
        ],
        "tags": [
            "sos",
            "compound",
            "nmod",
            "case",
            "nsubj",
            "compound",
            "amod",
            "nmod",
            "nmod",
            "case",
            "case",
            "advmod",
            "amod",
            "nsubj",
            "case",
            "compound"
        ]
    },
    "56": {
        "words": [
            "<start>",
            "\u0906\u092e\u0947\u0930",
            "\u092e\u0939\u0932",
            "\u092e\u0941\u0917\u0932",
            "\u0914\u0931",
            "\u0939\u093f\u0928\u094d\u0926\u0942",
            "\u0938\u094d\u0925\u093e\u092a\u0924\u094d\u092f",
            "\u0936\u0948\u0932\u093f\u092f\u094b\u0902",
            "\u0915\u0947",
            "\u092e\u093f\u0936\u094d\u0930\u0923",
            "\u0915\u093e",
            "\u0909\u0924\u094d\u0915\u0943\u0937\u094d\u091f",
            "\u0909\u0926\u093e\u0939\u0930\u0923",
            "\u0939\u0948",
            "end"
        ],
        "tags": [
            "sos",
            "amod",
            "nsubj",
            "compound",
            "amod",
            "compound",
            "compound",
            "nmod",
            "case",
            "nmod",
            "case",
            "amod",
            "dobj",
            "",
            ""
        ]
    },
    "57": {
        "words": [
            "<start>",
            "\u092e\u0927\u094d\u092f",
            "\u092a\u094d\u0930\u0926\u0947\u0936",
            "\u0915\u0941\u092a\u094b\u0937\u0923",
            "\u0915\u0947",
            "\u092e\u093e\u092e\u0932\u0947",
            "\u092e\u0947\u0902",
            "\u0938\u092c\u0938\u0947",
            "\u091c\u094d\u092f\u093e\u0926\u093e",
            "\u092a\u094d\u0930\u092d\u093e\u0935\u093f\u0924",
            "\u0930\u093e\u091c\u094d\u092f\u094b\u0902",
            "\u092e\u0947\u0902",
            "\u0938\u0947",
            "\u090f\u0915",
            "\u0939\u0948",
            "end"
        ],
        "tags": [
            "sos",
            "compound",
            "amod",
            "nmod",
            "case",
            "nmod",
            "case",
            "advmod",
            "amod",
            "amod",
            "nmod",
            "case",
            "case",
            "nsubj",
            "case",
            "compound"
        ]
    },
    "58": {
        "words": [
            "<start>",
            "\u0915\u0930\u094d\u092e\u093e",
            "\u092c\u093e\u0908",
            "\u091c\u0948\u0938\u0940",
            "\u092d\u0915\u094d\u0924\u0923\u0940",
            "\u091c\u093f\u0938\u0928\u0947",
            "\u092d\u0917\u0935\u093e\u0928",
            "\u091c\u0917\u0928",
            "\u0928\u093e\u0925",
            "\u091c\u0940",
            "\u0915\u094b",
            "\u0939\u093e\u0925\u094b\u0902",
            "\u0938\u0947",
            "\u0916\u0940\u091a\u0921\u093c\u093e",
            "\u0916\u093f\u0932\u093e\u092f\u093e",
            "\u0925\u093e",
            "end"
        ],
        "tags": [
            "sos",
            "compound",
            "amod",
            "case",
            "nsubj",
            "nsubj",
            "compound",
            "compound",
            "compound",
            "dobj",
            "case",
            "nmod",
            "case",
            "xcomp",
            "root",
            "aux",
            "eos"
        ]
    },
    "59": {
        "words": [
            "<start>",
            "\u0928\u0930\u094d\u092e\u0926\u093e",
            "\u0928\u0926\u0940",
            "\u0915\u093f\u0928\u093e\u0930\u0947",
            "\u092c\u0938\u093e",
            "\u092f\u0939",
            "\u0915\u094d\u0937\u0947\u0924\u094d\u0930",
            "\u0938\u093e\u0902\u0938\u094d\u0915\u0943\u0924\u093f\u0915",
            "\u0914\u0930",
            "\u092a\u094d\u0930\u093e\u0915\u0943\u0924\u093f\u0915",
            "\u0938\u092e\u0943\u0926\u094d\u0927\u0924\u093e",
            "\u092e\u0947\u0902",
            "\u0927\u0928\u0940",
            "\u0939\u0948",
            "end"
        ],
        "tags": [
            "sos",
            "amod",
            "nmod",
            "nmod",
            "acl",
            "amod",
            "nsubj",
            "case",
            "amod",
            "nmod",
            "nmod",
            "case",
            "dobj",
            "",
            ""
        ]
    },
    "60": {
        "words": [
            "<start>",
            "\u092c\u0941\u0902\u0926\u0947\u0932\u0916\u0902\u0921",
            "\u092e\u0947\u0902",
            "\u0926\u093f\u0917\u0902\u092c\u0930",
            "\u091c\u0948\u0928",
            "\u090f\u0935\u0902",
            "\u092e\u093e\u0932\u0935\u093e",
            "\u092e\u0947\u0902",
            "\u0936\u094d\u0935\u0947\u0924\u093e\u0902\u092c\u0930",
            "\u091c\u0948\u0928",
            "\u092c\u0939\u0942\u0932\u0924\u093e",
            "\u0938\u0947",
            "\u092a\u093e\u092f\u0947",
            "\u091c\u093e\u0924\u0947",
            "\u0939\u0948\u0902",
            "end"
        ],
        "tags": [
            "sos",
            "nmod",
            "case",
            "compound",
            "root",
            "cop",
            "nmod",
            "case",
            "compound",
            "nsubj",
            "nmod",
            "case",
            "compound",
            "aux",
            "eos",
            ""
        ]
    },
    "61": {
        "words": [
            "<start>",
            "\u0939\u093e\u0932",
            "\u0939\u0940",
            "\u092e\u0947\u0902",
            "\u0913\u0930\u091b\u093e",
            "\u0915\u094b",
            "\u092f\u0942\u0928\u0947\u0938\u094d\u0915\u094b",
            "\u0926\u094d\u0935\u093e\u0930\u093e",
            "\u0909\u0938\u0915\u0940",
            "\u0905\u0938\u094d\u0925\u093e\u092f\u0940",
            "\u0938\u0942\u091a\u0940",
            "\u092e\u0947\u0902",
            "\u0938\u092e\u094d\u092e\u0932\u093f\u0924",
            "\u0915\u093f\u092f\u093e",
            "\u0917\u092f\u093e",
            "\u0939\u0948",
            "end"
        ],
        "tags": [
            "sos",
            "nmod",
            "dep",
            "case",
            "xcomp",
            "case",
            "nsubj",
            "case",
            "nmod",
            "amod",
            "nmod",
            "case",
            "compound",
            "root",
            "aux",
            "eos",
            ""
        ]
    },
    "62": {
        "words": [
            "<start>",
            "\u092a\u094d\u0930\u0926\u0947\u0936,",
            "\u092d\u093e\u0930\u0924",
            "\u0915\u0947",
            "\u0930\u093e\u091c\u094d\u092f",
            "\u0939\u0902\u0917\u0930",
            "\u0907\u0902\u0921\u0947\u0915\u094d\u0938",
            "\u092a\u0930",
            "\u092d\u0940",
            "\u0938\u092c\u0938\u0947",
            "\u0915\u092e",
            "\u0930\u0948\u0902\u0915\u093f\u0902\u0917",
            "\u0935\u093e\u0932\u0947",
            "\u0930\u093e\u091c\u094d\u092f",
            "\u092e\u0947\u0902",
            "\u0938\u0947",
            "\u0939\u0948",
            "end"
        ],
        "tags": [
            "sos",
            "nsubj",
            "nmod",
            "case",
            "compound",
            "compound",
            "nmod",
            "case",
            "dep",
            "advmod",
            "amod",
            "amod",
            "case",
            "nmod",
            "case",
            "case",
            "compound",
            "root"
        ]
    },
    "63": {
        "words": [
            "<start>",
            "\u092c\u093e\u0921\u093c\u092e\u0947\u0930",
            "\u0915\u094d\u0937\u0947\u0924\u094d\u0930",
            "\u092e\u0947\u0902",
            "\u0938\u093f\u0932\u093f\u0938\u093f\u092f\u0938",
            "\u0905\u0930\u094d\u0925",
            "\u0914\u0930",
            "\u0915\u091a\u094d\u091a\u093e",
            "\u0924\u0947\u0932",
            "\u0915\u0947",
            "\u092d\u0902\u0921\u093e\u0930",
            "\u092a\u094d\u0930\u091a\u0941\u0930",
            "\u092e\u093e\u0924\u094d\u0930\u093e",
            "\u092e\u0947\u0902",
            "\u0939\u0948\u0902",
            "end"
        ],
        "tags": [
            "sos",
            "amod",
            "nmod",
            "case",
            "compound",
            "root",
            "nmod",
            "amod",
            "nmod",
            "case",
            "nsubj",
            "amod",
            "nmod",
            "case",
            "compound",
            "root"
        ]
    },
    "64": {
        "words": [
            "<start>",
            "\u0935\u093f\u0926\u093f\u0936\u093e",
            "\u0928\u0917\u0930\u0940",
            "\u0926\u0936\u0935\u0947\u0902",
            "\u0924\u0940\u0930\u094d\u0925\u0947\u0902\u0915\u0930",
            "\u092d\u0917\u0935\u093e\u0928",
            "\u0936\u0940\u0924\u0932\u0928\u093e\u0925",
            "\u0915\u0940",
            "\u0917\u0930\u094d\u092d",
            "\u091c\u0928\u094d\u092e",
            "\u0935",
            "\u0924\u092a",
            "\u0915\u0932\u094d\u092f\u093e\u0923\u0915",
            "\u0915\u0940",
            "\u092d\u0942\u092e\u093f",
            "\u0939\u0948",
            "end"
        ],
        "tags": [
            "sos",
            "amod",
            "nsubj",
            "amod",
            "amod",
            "compound",
            "nmod",
            "case",
            "nsubj",
            "case",
            "amod",
            "nmod",
            "nmod",
            "case",
            "dobj",
            "",
            ""
        ]
    },
    "65": {
        "words": [
            "<start>",
            "\u092c\u0941\u0902\u0926\u0947\u0932\u0916\u0902\u0921",
            "\u092e\u0947\u0902",
            "\u0926\u093f\u0917\u0902\u092c\u0930",
            "\u091c\u0948\u0928",
            "\u0938\u092e\u0941\u0926\u093e\u092f",
            "\u0915\u093e",
            "\u090f\u0915",
            "\u092a\u0902\u0925",
            "\u0914\u0930",
            "\u0938\u094d\u0925\u093e\u092a\u093f\u0924",
            "\u0939\u0941\u0906",
            "\u091c\u094b",
            "\u0924\u093e\u0930\u0923",
            "\u092a\u0902\u0925",
            "\u0915\u0939\u0932\u093e\u0924\u093e",
            "\u0939\u0948",
            "end"
        ],
        "tags": [
            "sos",
            "nmod",
            "case",
            "compound",
            "amod",
            "nmod",
            "case",
            "amod",
            "nmod",
            "parataxis",
            "compound",
            "root",
            "nsubj",
            "compound",
            "dobj",
            "",
            "aux",
            "eos"
        ]
    },
    "66": {
        "words": [
            "<start>",
            "\u092e\u0941\u0917\u0932",
            "\u0915\u093e\u0932",
            "\u092e\u0947",
            "\u0936\u093e\u0939\u0940",
            "\u0926\u0938\u094d\u0924\u093e\u0935\u0947\u091c\u094b",
            "\u092e\u0947\u0902",
            "\u092d\u0930\u0924\u092a\u0941\u0930,",
            "\u0927\u094c\u0932\u092a\u0941\u0930",
            "\u0905\u0932\u0935\u0930",
            "\u0915\u093e",
            "\u0915\u094d\u0937\u0947\u0924\u094d\u0930",
            "\u091c\u091f\u0935\u093e\u0921\u093c\u093e",
            "\u0915\u0939\u0932\u093e\u0924\u093e",
            "\u0925\u093e",
            "end"
        ],
        "tags": [
            "sos",
            "compound",
            "nmod",
            "case",
            "amod",
            "nmod",
            "case",
            "compound",
            "amod",
            "nmod",
            "case",
            "amod",
            "nsubj",
            "case",
            "aux",
            "eos"
        ]
    },
    "67": {
        "words": [
            "<start>",
            "\u091c\u0932\u092e\u0939\u0932,",
            "\u0936\u093e\u0939\u0940",
            "\u092c\u0924\u094d\u0924\u0916-\u0936\u093f\u0915\u093e\u0930",
            "\u0915\u0947",
            "\u0932\u093f\u090f",
            "\u092c\u0928\u093e\u092f\u093e",
            "\u0917\u092f\u093e",
            "\u092e\u093e\u0928\u0938\u093e\u0917\u0930\u091d\u0940\u0932",
            "\u0915\u0947",
            "\u092c\u0940\u091a",
            "\u0938\u094d\u0925\u093f\u0924",
            "\u090f\u0915",
            "\u0938\u0941\u0902\u0926\u0930",
            "\u092e\u0939\u0932",
            "\u0939\u0948",
            "end"
        ],
        "tags": [
            "sos",
            "compound",
            "amod",
            "advcl",
            "case",
            "case",
            "acl",
            "aux",
            "advmod",
            "case",
            "case",
            "amod",
            "amod",
            "amod",
            "nsubj",
            "case",
            "compound"
        ]
    },
    "68": {
        "words": [
            "<start>",
            "\u0930\u093e\u091c\u094d\u092f",
            "\u0915\u093e",
            "\u092a\u094d\u0930\u0924\u093f",
            "\u0935\u094d\u092f\u0915\u094d\u0924\u093f",
            "\u0938\u0915\u0932",
            "\u0930\u093e\u091c\u094d\u092f",
            "\u0918\u0930\u0947\u0932\u0942",
            "\u0909\u0924\u094d\u092a\u093e\u0926",
            "\u0926\u0947\u0936",
            "\u0915\u0947",
            "\u0938\u092c\u0938\u0947",
            "\u0915\u092e",
            "\u092e\u0947\u0902",
            "\u091a\u094c\u0925\u093e",
            "\u0938\u094d\u0925\u093e\u0928",
            "\u092a\u0930",
            "\u0939\u0948",
            "end"
        ],
        "tags": [
            "sos",
            "nmod",
            "case",
            "dep",
            "nsubj",
            "compound",
            "compound",
            "amod",
            "nsubj",
            "nmod",
            "case",
            "advmod",
            "nmod",
            "case",
            "amod",
            "nmod",
            "case",
            "compound",
            "root"
        ]
    },
    "69": {
        "words": [
            "<start>",
            "\u091c\u092f\u092a\u0941\u0930",
            "\u0938\u0902\u0917\u092e\u0930\u092e\u0930",
            "\u0915\u0940",
            "\u092a\u094d\u0930\u0924\u093f\u092e\u093e\u0913\u0902,",
            "\u092c\u094d\u0932\u0942",
            "\u092a\u0949\u091f\u0930\u0940",
            "\u0914\u0931",
            "\u0930\u093e\u091c\u0938\u094d\u0925\u093e\u0928\u0940",
            "\u091c\u0942\u0924\u093f\u092f\u094b\u0902",
            "\u0915\u0947",
            "\u0932\u093f\u090f",
            "\u092d\u0940",
            "\u092a\u094d\u0930\u0938\u093f\u0926\u094d\u0927",
            "\u0939\u0948",
            "end"
        ],
        "tags": [
            "sos",
            "amod",
            "nmod",
            "case",
            "amod",
            "compound",
            "advmod",
            "amod",
            "compound",
            "advcl",
            "case",
            "case",
            "dep",
            "dobj",
            "",
            ""
        ]
    },
    "70": {
        "words": [
            "<start>",
            "\u0936\u0939\u0930",
            "\u0915\u0940",
            "\u0905\u0930\u094d\u0925\u0935\u094d\u092f\u0938\u094d\u0925\u093e",
            "\u092e\u0947\u0902",
            "\u0939\u0925\u0915\u0930\u0918\u093e,",
            "\u0935\u0938\u094d\u0924\u094d\u0930",
            "\u0909\u0926\u094d\u092f\u094b\u0917",
            "\u0914\u0930",
            "\u0927\u093e\u0924\u0941",
            "\u0906\u0927\u093e\u0930\u093f\u0924",
            "\u0909\u0926\u094d\u092f\u094b\u0917\u094b\u0902",
            "\u0915\u093e",
            "\u092f\u094b\u0917\u0926\u093e\u0928",
            "\u0939\u0948",
            "end"
        ],
        "tags": [
            "sos",
            "nmod",
            "case",
            "nmod",
            "case",
            "compound",
            "compound",
            "root",
            "nmod",
            "case",
            "amod",
            "nmod",
            "case",
            "nsubj",
            "case",
            "compound"
        ]
    },
    "71": {
        "words": [
            "<start>",
            "\u092f\u0939\u093e\u0902",
            "\u092a\u0930",
            "\u0938\u0930\u094d\u0935\u092a\u094d\u0930\u0925\u092e",
            "1904",
            "\u092e\u0947\u0902",
            "\u0938\u092e\u0941\u0926\u094d\u0930\u0940",
            "\u0938\u0940\u092a\u093f\u092f\u094b\u0902",
            "\u0938\u0947",
            "\u0938\u0940\u092e\u0947\u0928\u094d\u091f",
            "\u092c\u0928\u093e\u0928\u0947",
            "\u0915\u093e",
            "\u092a\u094d\u0930\u092f\u093e\u0938",
            "\u0915\u093f\u092f\u093e",
            "\u0917\u092f\u093e",
            "\u0925\u093e",
            "end"
        ],
        "tags": [
            "sos",
            "nmod",
            "case",
            "nsubj",
            "nmod",
            "case",
            "amod",
            "nmod",
            "case",
            "xcomp",
            "nmod",
            "case",
            "compound",
            "root",
            "aux",
            "eos",
            ""
        ]
    },
    "72": {
        "words": [
            "<start>",
            "1965",
            "\u092e\u0947\u0902",
            "\u092c\u0942\u0902\u0926\u0940",
            "\u091c\u093c\u093f\u0932\u0947",
            "\u0915\u0947",
            "\u0915\u0947\u0936\u094b\u0930\u093e\u092f",
            "\u092a\u093e\u091f\u0928",
            "\u092e\u0947\u0902",
            "\u091a\u0940\u0928\u0940",
            "\u092e\u093f\u0932",
            "\u0938\u0939\u0915\u093e\u0930\u0940",
            "\u0915\u094d\u0937\u0947\u0924\u094d\u0930",
            "\u092e\u0947\u0902",
            "\u0938\u094d\u0925\u093e\u092a\u093f\u0924",
            "\u0915\u0940",
            "\u0917\u0908",
            "end"
        ],
        "tags": [
            "sos",
            "nmod",
            "case",
            "amod",
            "nmod",
            "case",
            "amod",
            "nmod",
            "case",
            "amod",
            "parataxis",
            "amod",
            "nmod",
            "case",
            "compound",
            "acl",
            "aux",
            "eos"
        ]
    },
    "73": {
        "words": [
            "<start>",
            "\u0907\u0938",
            "\u0926\u093f\u0928",
            "\u092e\u0927\u094d\u092f\u092a\u094d\u0930\u0926\u0947\u0936",
            "\u0930\u093e\u091c\u094d\u092f",
            "\u0938\u0947",
            "\u0967\u096a",
            "\u091c\u093f\u0932\u0947",
            "\u0905\u0932\u0917",
            "\u0915\u0930",
            "\u091b\u0924\u094d\u0924\u0940\u0938\u0917\u0922\u093c",
            "\u0930\u093e\u091c\u094d\u092f",
            "\u091b\u0924\u094d\u0924\u0940\u0938\u0917\u0922\u093c",
            "\u0915\u0940",
            "\u0938\u094d\u0925\u093e\u092a\u0928\u093e",
            "\u0939\u0941\u0908",
            "\u0925\u0940",
            "end"
        ],
        "tags": [
            "sos",
            "amod",
            "nmod",
            "amod",
            "nmod",
            "case",
            "amod",
            "xcomp",
            "compound",
            "advcl",
            "compound",
            "compound",
            "nmod",
            "case",
            "compound",
            "root",
            "aux",
            "eos"
        ]
    },
    "74": {
        "words": [
            "<start>",
            "\u091c\u0940\u0935\u0928",
            "\u0936\u0948\u0932\u0940,",
            "\u0915\u0932\u093e,",
            "\u0938\u093e\u0939\u093f\u0924\u094d\u092f",
            "\u0914\u0930",
            "\u0935\u093e\u091a\u093f\u0915",
            "\u092a\u0930\u092e\u094d\u092a\u0930\u093e",
            "\u092e\u093f\u0932\u0915\u0930",
            "\u0915\u093f\u0938\u0940",
            "\u0905\u0902\u091a\u0932",
            "\u0915\u0940",
            "\u0938\u093e\u0902\u0938\u094d\u0915\u0943\u0924\u093f\u0915",
            "\u092a\u0939\u091a\u093e\u0928",
            "\u092c\u0928\u093e\u0924\u0940",
            "\u0939\u0948",
            "end"
        ],
        "tags": [
            "sos",
            "compound",
            "compound",
            "compound",
            "root",
            "dobj",
            "amod",
            "nmod",
            "parataxis",
            "",
            "nmod",
            "case",
            "amod",
            "nsubj",
            "case",
            "aux",
            "eos"
        ]
    },
    "75": {
        "words": [
            "<start>",
            "\u092e\u0939\u093e\u0930\u093e\u091c\u093e",
            "\u0938\u0935\u093e\u0908",
            "\u092a\u094d\u0930\u0924\u093e\u092a",
            "\u0938\u093f\u0902\u0939",
            "\u0928\u0947",
            "\u0939\u0935\u093e\u092e\u0939\u0932",
            "1799",
            "\u0908.",
            "\u092e\u0947\u0902",
            "\u092c\u0928\u0935\u093e\u092f\u093e",
            "\u091c\u093f\u0938\u0915\u0947",
            "\u0935\u093e\u0938\u094d\u0924\u0941\u0915\u093e\u0930",
            "\u0932\u093e\u0932\u091a\u0928\u094d\u0926",
            "\u0909\u0938\u094d\u0924\u093e",
            "\u0925\u0947",
            "end"
        ],
        "tags": [
            "sos",
            "compound",
            "compound",
            "compound",
            "nsubj",
            "case",
            "xcomp",
            "amod",
            "nmod",
            "case",
            "acl",
            "nmod",
            "amod",
            "compound",
            "nsubj",
            "case",
            "compound"
        ]
    },
    "76": {
        "words": [
            "<start>",
            "\u0917\u0902\u0917\u093e",
            "\u092c\u0947\u0938\u093f\u0928",
            "\u0915\u0940",
            "\u0928\u0926\u093f\u092f\u094b\u0902",
            "\u092a\u0930",
            "\u092c\u0928\u093e\u0908",
            "\u091c\u093e\u0928\u0947",
            "\u0935\u093e\u0932\u0940",
            "\u091c\u0932-\u0935\u093f\u0926\u094d\u092f\u0941\u0924",
            "\u092f\u094b\u091c\u0928\u093e\u0913\u0902",
            "\u092e\u0947\u0902",
            "\u092d\u0940",
            "\u0930\u093e\u091c\u0938\u094d\u0925\u093e\u0928",
            "\u092d\u0940",
            "\u092d\u093e\u0917\u0940\u0926\u093e\u0930",
            "\u0939\u0948",
            "end"
        ],
        "tags": [
            "sos",
            "compound",
            "nmod",
            "case",
            "nmod",
            "case",
            "amod",
            "aux",
            "case",
            "compound",
            "nmod",
            "case",
            "dep",
            "nsubj",
            "dep",
            "dobj",
            "",
            ""
        ]
    },
    "77": {
        "words": [
            "<start>",
            "1956",
            "\u092e\u0947\u0902",
            "\u0907\u0938",
            "\u091a\u0940\u0928\u0940",
            "\u092e\u093f\u0932",
            "\u0915\u094b",
            "\u0930\u093e\u091c\u094d\u092f",
            "\u0938\u0930\u0915\u093e\u0930",
            "\u0928\u0947",
            "\u0905\u0927\u093f\u0917\u0943\u0939\u0940\u0924",
            "\u0915\u0930",
            "\u0932\u093f\u092f\u093e",
            "\u0924\u0925\u093e",
            "\u092f\u0939",
            "\u0938\u093e\u0930\u094d\u0935\u091c\u0928\u093f\u0915",
            "\u0915\u094d\u0937\u0947\u0924\u094d\u0930",
            "\u092e\u0947\u0902",
            "\u0906",
            "\u0917\u0908",
            "end"
        ],
        "tags": [
            "sos",
            "nmod",
            "case",
            "amod",
            "xcomp",
            "dobj",
            "case",
            "compound",
            "nsubj",
            "case",
            "compound",
            "root",
            "aux",
            "eos",
            "nsubj",
            "amod",
            "nmod",
            "case",
            "compound",
            "aux",
            "eos"
        ]
    },
    "78": {
        "words": [
            "<start>",
            "\u0917\u0941\u091c\u0930\u093e\u0924,",
            "\u092e\u0939\u093e\u0930\u093e\u0937\u094d\u091f\u094d\u0930",
            "\u0905\u0925\u0935\u093e",
            "\u0909\u0921\u093c\u0940\u0938\u093e",
            "\u0915\u0940",
            "\u0924\u0930\u0939",
            "\u0907\u0938",
            "\u092a\u094d\u0930\u0926\u0947\u0936",
            "\u0915\u094b",
            "\u0915\u093f\u0938\u0940",
            "\u092d\u093e\u0937\u093e\u0908",
            "\u0938\u0902\u0938\u094d\u0915\u0943\u0924\u093f",
            "\u092e\u0947\u0902",
            "\u0928\u0939\u0940\u0902",
            "\u092a\u0939\u091a\u093e\u0928\u093e",
            "\u091c\u093e\u0924\u093e",
            "end"
        ],
        "tags": [
            "sos",
            "nsubj",
            "case",
            "nmod",
            "case",
            "case",
            "case",
            "amod",
            "xcomp",
            "case",
            "compound",
            "amod",
            "nmod",
            "case",
            "neg",
            "",
            "aux",
            "eos"
        ]
    },
    "79": {
        "words": [
            "<start>",
            "\u0907\u0938\u0947",
            "\u0907\u0938",
            "\u0938\u092e\u092f",
            "\u092d\u093e\u0916\u0930\u093e-\u0928\u093e\u0902\u0917\u0932",
            "\u0914\u0930",
            "\u0905\u0928\u094d\u092f",
            "\u092f\u094b\u091c\u0928\u093e\u0913\u0902",
            "\u0915\u0947",
            "\u0915\u0943\u0937\u093f",
            "\u090f\u0935\u0902",
            "\u0914\u0926\u094d\u092f\u094b\u0917\u093f\u0915",
            "\u0935\u093f\u0915\u093e\u0938",
            "\u092e\u0947\u0902",
            "\u092d\u0930\u092a\u0942\u0930",
            "\u0938\u0939\u093e\u092f\u0924\u093e",
            "\u092e\u093f\u0932\u0924\u0940",
            "\u0939\u0948",
            "end"
        ],
        "tags": [
            "sos",
            "obj",
            "amod",
            "nmod",
            "case",
            "nmod",
            "amod",
            "nmod",
            "case",
            "compound",
            "compound",
            "amod",
            "nmod",
            "case",
            "amod",
            "nsubj",
            "case",
            "aux",
            "eos"
        ]
    },
    "80": {
        "words": [
            "<start>",
            "\u091a\u0928\u094d\u0926\u094d\u0930\u092e\u0939\u0932",
            "\u092e\u0939\u093e\u0930\u093e\u091c\u093e",
            "\u091c\u092f\u0938\u093f\u0902\u0939",
            "\u0926\u094d\u0935\u093e\u0930\u093e",
            "\u092c\u0928\u0935\u093e\u092f\u093e",
            "\u0917\u092f\u093e",
            "\u0925\u093e",
            "\u0914\u0930",
            "\u092e\u0941\u0917\u0932",
            "\u0914\u0931",
            "\u0930\u093e\u091c\u0938\u094d\u0925\u093e\u0928\u0940",
            "\u0938\u094d\u0925\u093e\u092a\u0924\u094d\u092f",
            "\u0915\u093e",
            "\u090f\u0915",
            "\u0938\u0902\u092f\u094b\u091c\u0928",
            "\u0939\u0948",
            "end"
        ],
        "tags": [
            "sos",
            "compound",
            "compound",
            "nsubj",
            "case",
            "compound",
            "aux",
            "eos",
            "",
            "advmod",
            "amod",
            "amod",
            "nmod",
            "case",
            "amod",
            "nsubj",
            "case",
            "compound"
        ]
    },
    "81": {
        "words": [
            "<start>",
            "\u091b\u0924\u094d\u0924\u0940\u0938\u0917\u0922\u093c",
            "\u0930\u093e\u091c\u094d\u092f",
            "\u0915\u0947",
            "\u0917\u0920\u0928",
            "\u0915\u0947",
            "\u092c\u093e\u0926,",
            "\u092e\u0939\u093e\u0928\u0926\u0940",
            "\u092c\u0947\u0938\u093f\u0928",
            "\u0915\u093e",
            "\u092c\u0921\u093c\u093e",
            "\u0939\u093f\u0938\u094d\u0938\u093e",
            "\u0905\u092c",
            "\u091b\u0924\u094d\u0924\u0940\u0938\u0917\u0922\u093c",
            "\u092e\u0947\u0902",
            "\u092a\u094d\u0930\u0935\u093e\u0939\u093f\u0924",
            "\u0939\u094b\u0924\u093e",
            "\u0939\u0948\u0902",
            "end"
        ],
        "tags": [
            "sos",
            "compound",
            "nmod",
            "case",
            "nmod",
            "case",
            "compound",
            "compound",
            "nmod",
            "case",
            "amod",
            "nsubj",
            "nmod",
            "nmod",
            "case",
            "compound",
            "root",
            "aux",
            "eos"
        ]
    },
    "82": {
        "words": [
            "<start>",
            "\u0915\u0928\u0915",
            "\u0935\u0943\u0902\u0926\u093e\u0935\u0928",
            "\u0905\u092a\u0928\u0947",
            "\u092a\u094d\u0930\u093e\u091a\u0940\u0928",
            "\u0917\u094b\u0935\u093f\u0928\u094d\u0926\u0947\u0935",
            "\u0935\u093f\u0917\u094d\u0930\u0939",
            "\u0915\u0947",
            "\u0932\u093f\u090f",
            "\u092a\u094d\u0930\u0938\u093f\u0926\u094d\u0927",
            "\u091c\u092f\u092a\u0941\u0930",
            "\u092e\u0947\u0902",
            "\u090f\u0915",
            "\u0932\u094b\u0915\u092a\u094d\u0930\u093f\u092f",
            "\u092e\u0902\u0926\u093f\u0930-\u0938\u092e\u0942\u0939",
            "\u0939\u0948",
            "end"
        ],
        "tags": [
            "sos",
            "compound",
            "nsubj",
            "nmod",
            "amod",
            "amod",
            "advcl",
            "case",
            "case",
            "amod",
            "nmod",
            "case",
            "amod",
            "amod",
            "nsubj",
            "case",
            "compound"
        ]
    },
    "83": {
        "words": [
            "<start>",
            "\u0930\u093e\u091c\u094d\u092f",
            "\u092e\u0947\u0902",
            "400",
            "\u0907\u0902\u091c\u0940\u0928\u093f\u092f\u0930\u093f\u0902\u0917",
            "\u0914\u0930",
            "\u0906\u0930\u094d\u0915\u093f\u091f\u0947\u0915\u094d\u091a\u0930",
            "\u0915\u0949\u0932\u0947\u091c\u094b\u0902,",
            "250",
            "\u092a\u094d\u0930\u092c\u0902\u0927\u0928",
            "\u0938\u0902\u0938\u094d\u0925\u093e\u0928\u094b\u0902",
            "\u0914\u0930",
            "12",
            "\u092e\u0947\u0921\u093f\u0915\u0932",
            "\u0915\u0949\u0932\u0947\u091c",
            "\u0939\u0948\u0902",
            "end"
        ],
        "tags": [
            "sos",
            "nmod",
            "case",
            "amod",
            "nmod",
            "amod",
            "nmod",
            "compound",
            "amod",
            "compound",
            "root",
            "nsubj",
            "amod",
            "compound",
            "root",
            "cop",
            "eos"
        ]
    },
    "84": {
        "words": [
            "<start>",
            "18",
            "\u0935\u0940\u0902",
            "\u0938\u0926\u0940",
            "\u0915\u093e",
            "\u0918\u0928\u093e",
            "\u092a\u0915\u094d\u0937\u0940",
            "\u0905\u092d\u092f\u093e\u0930\u0923\u094d\u092f",
            ",",
            "\u091c\u094b",
            "\u0915\u0947\u0935\u0932\u093e\u0926\u0947\u0935",
            "\u0918\u0928\u093e",
            "\u0930\u093e\u0937\u094d\u091f\u094d\u0930\u0940\u092f",
            "\u0909\u0926\u094d\u092f\u093e\u0928",
            "\u0915\u0947",
            "\u0930\u0942\u092a",
            "\u092e\u0947\u0902",
            "\u092d\u0940",
            "\u091c\u093e\u0928\u093e",
            "\u091c\u093e\u0924\u093e",
            "\u0939\u0948",
            "end"
        ],
        "tags": [
            "sos",
            "amod",
            "compound",
            "nmod",
            "case",
            "amod",
            "compound",
            "root",
            "punct",
            "nsubj",
            "compound",
            "nsubj",
            "compound",
            "nmod",
            "case",
            "case",
            "case",
            "dep",
            "acl",
            "aux",
            "eos",
            ""
        ]
    },
    "85": {
        "words": [
            "<start>",
            "\u0906\u092e\u0947\u0930",
            "\u0926\u0941\u0930\u094d\u0917",
            "\u092e\u0947\u0902",
            "\u092e\u0939\u0932\u094b\u0902,",
            "\u0935\u093f\u0936\u093e\u0932",
            "\u0915\u0915\u094d\u0937\u094b\u0902,",
            "\u0938\u094d\u0924\u0902\u092d\u0926\u093e\u0930",
            "\u0926\u0930\u094d\u0936\u0915-\u0926\u0940\u0930\u094d\u0918\u093e\u0913\u0902,",
            "\u092c\u0917\u0940\u091a\u094b\u0902",
            "\u0914\u0930",
            "\u092e\u0902\u0926\u093f\u0930\u094b\u0902",
            "\u0938\u0939\u093f\u0924",
            "\u0915\u0908",
            "\u092d\u0935\u0928-\u0938\u092e\u0942\u0939",
            "\u0939\u0948\u0902",
            "end"
        ],
        "tags": [
            "sos",
            "amod",
            "nmod",
            "case",
            "compound",
            "amod",
            "nsubj",
            "amod",
            "nmod",
            "case",
            "nmod",
            "case",
            "case",
            "amod",
            "nsubj",
            "case",
            "compound"
        ]
    },
    "86": {
        "words": [
            "<start>",
            "\u092d\u0930\u0924\u092a\u0941\u0930",
            "\u0938\u0902\u0917\u094d\u0930\u0939\u093e\u0932\u092f",
            "\u0930\u093e\u091c\u0938\u094d\u0925\u093e\u0928",
            "\u0915\u0947",
            "\u0935\u093f\u0917\u0924",
            "\u0936\u093e\u0939\u0940",
            "\u0935\u0948\u092d\u0935",
            "\u0915\u0947",
            "\u0938\u093e\u0925",
            "\u0936\u094c\u0930\u094d\u092f\u092a\u0942\u0930\u094d\u0923",
            "\u0905\u0924\u0940\u0924",
            "\u0915\u0947",
            "\u0938\u093e\u0915\u094d\u0937\u093e\u0924\u094d\u0915\u093e\u0930",
            "\u0915\u093e",
            "\u090f\u0915",
            "\u092a\u094d\u0930\u092e\u0941\u0916",
            "\u0938\u094d\u0930\u094b\u0924",
            "\u0939\u0948",
            "end"
        ],
        "tags": [
            "sos",
            "compound",
            "nsubj",
            "nmod",
            "case",
            "amod",
            "nmod",
            "nmod",
            "case",
            "case",
            "amod",
            "nmod",
            "case",
            "nmod",
            "case",
            "amod",
            "amod",
            "nsubj",
            "case",
            "compound"
        ]
    },
    "87": {
        "words": [
            "<start>",
            "\u0935\u0948\u0928\u0917\u0902\u0917\u093e,",
            "\u0935\u0930\u094d\u0927\u093e,",
            "\u092a\u0947\u0902\u091a,",
            "\u0915\u093e\u0928\u094d\u0939\u093e\u0902",
            "\u0928\u0926\u093f\u092f\u093e\u0902,",
            "\u0917\u094b\u0926\u093e\u0935\u0930\u0940",
            "\u0928\u0926\u0940",
            "\u092a\u094d\u0930\u0923\u093e\u0932\u0940",
            "\u092e\u0947\u0902",
            "\u0935\u093f\u0936\u093e\u0932",
            "\u092e\u093e\u0924\u094d\u0930\u093e",
            "\u092e\u0947\u0902",
            "\u092a\u093e\u0928\u0940",
            "\u0915\u093e",
            "\u0928\u093f\u0930\u094d\u0935\u0939\u0928",
            "\u0915\u0930\u0924\u0940",
            "\u0939\u0948\u0902\u0902",
            "end"
        ],
        "tags": [
            "sos",
            "compound",
            "amod",
            "compound",
            "nsubj",
            "compound",
            "compound",
            "compound",
            "nmod",
            "case",
            "amod",
            "nmod",
            "case",
            "nmod",
            "case",
            "compound",
            "root",
            "aux",
            "eos"
        ]
    },
    "88": {
        "words": [
            "<start>",
            "\u0939\u093e\u0932",
            "\u0939\u0940",
            "\u0915\u0940",
            "\u0916\u0941\u0926\u093e\u0908",
            "\u0938\u0947",
            "\u092a\u0924\u093e",
            "\u091a\u0932\u093e",
            "\u0939\u0948",
            "\u0915\u093f",
            "\u0907\u0938",
            "\u0915\u094d\u0937\u0947\u0924\u094d\u0930",
            "\u092e\u0947\u0902",
            "\u0909\u091a\u094d\u091a",
            "\u0915\u093f\u0938\u094d\u092e",
            "\u0915\u0940",
            "\u092a\u094d\u0930\u093e\u0915\u0943\u0924\u093f\u0915",
            "\u0917\u0948\u0938",
            "\u092d\u0940",
            "\u092a\u094d\u0930\u091a\u0941\u0930",
            "\u092e\u093e\u0924\u094d\u0930\u093e",
            "\u092e\u0947\u0902",
            "\u0909\u092a\u0932\u092c\u094d\u0927",
            "\u0939\u0948",
            "end"
        ],
        "tags": [
            "sos",
            "nmod",
            "dep",
            "case",
            "advcl",
            "case",
            "compound",
            "root",
            "aux",
            "acl",
            "amod",
            "nmod",
            "case",
            "amod",
            "nmod",
            "case",
            "amod",
            "nsubj",
            "dep",
            "amod",
            "nmod",
            "case",
            "dobj",
            "",
            ""
        ]
    },
    "89": {
        "words": [
            "<start>",
            "\u091c\u092f\u092a\u0941\u0930",
            "\u0907\u0938\u0915\u0947",
            "\u092d\u0935\u094d\u092f",
            "\u0915\u093f\u0932\u094b\u0902,",
            "\u092e\u0939\u0932\u094b\u0902",
            "\u0914\u0930",
            "\u0938\u0941\u0902\u0926\u0930",
            "\u091d\u0940\u0932\u094b\u0902",
            "\u0915\u0947",
            "\u0932\u093f\u090f",
            "\u092a\u094d\u0930\u0938\u093f\u0926\u094d\u0927",
            "\u0939\u0948,",
            "\u091c\u094b",
            "\u0935\u093f\u0936\u094d\u0935\u092d\u0930",
            "\u0938\u0947",
            "\u092a\u0930\u094d\u092f\u091f\u0915\u094b\u0902",
            "\u0915\u094b",
            "\u0906\u0915\u0930\u094d\u0937\u093f\u0924",
            "\u0915\u0930\u0924\u0947",
            "\u0939\u0948\u0902",
            "end"
        ],
        "tags": [
            "sos",
            "nmod",
            "nmod",
            "amod",
            "nsubj",
            "case",
            "nmod",
            "amod",
            "nmod",
            "case",
            "case",
            "amod",
            "nsubj",
            "nsubj",
            "nmod",
            "case",
            "xcomp",
            "case",
            "compound",
            "root",
            "aux",
            "eos"
        ]
    },
    "90": {
        "words": [
            "<start>",
            "\u092d\u093e\u0930\u0924",
            "\u0915\u0947",
            "\u0935\u0930\u094d\u0924\u092e\u093e\u0928",
            "\u092e\u093e\u0928\u091a\u093f\u0924\u094d\u0930",
            "\u092e\u0947\u0902",
            "\u090f\u0915",
            "\u092a\u094d\u0930\u092e\u0941\u0916",
            "\u092a\u0930\u094d\u092f\u091f\u0915",
            "\u0917\u0902\u0924\u0935\u094d\u092f,",
            "\u092d\u0930\u0924\u092a\u0941\u0930",
            "\u092a\u093e\u0902\u091a\u0935\u0940",
            "\u0938\u0926\u0940",
            "\u0908\u0938\u093e",
            "\u092a\u0942\u0930\u094d\u0935",
            "\u0938\u0947",
            "\u0915\u0908",
            "\u0905\u0935\u0938\u094d\u0925\u093e\u0913\u0902",
            "\u0938\u0947",
            "\u0917\u0941\u091c\u0930",
            "\u091a\u0941\u0915\u093e",
            "\u0939\u0948",
            "end"
        ],
        "tags": [
            "sos",
            "nmod",
            "case",
            "amod",
            "nmod",
            "case",
            "amod",
            "amod",
            "nsubj",
            "nsubj",
            "amod",
            "compound",
            "nmod",
            "amod",
            "nmod",
            "case",
            "amod",
            "nmod",
            "case",
            "compound",
            "aux",
            "eos",
            ""
        ]
    },
    "91": {
        "words": [
            "<start>",
            "\u0935\u093f\u0916\u094d\u092f\u093e\u0924",
            "\u0939\u093f\u0928\u094d\u0926\u0941\u0938\u094d\u0924\u093e\u0928\u0940",
            "\u0936\u093e\u0938\u094d\u0924\u094d\u0930\u0940\u092f",
            "\u0938\u0902\u0917\u0940\u0924",
            "\u0918\u0930\u093e\u0928\u094b\u0902",
            "\u092e\u0947\u0902",
            "\u092e\u0927\u094d\u092f",
            "\u092a\u094d\u0930\u0926\u0947\u0936",
            "\u0915\u0947",
            "\u092e\u0948\u0939\u0930",
            "\u0918\u0930\u093e\u0928\u0947,",
            "\u0917\u094d\u0935\u093e\u0932\u093f\u092f\u0930",
            "\u0918\u0930\u093e\u0928\u0947",
            "\u0914\u0930",
            "\u0938\u0947\u0928\u093f\u092f\u093e",
            "\u0918\u0930\u093e\u0928\u0947",
            "\u0936\u093e\u092e\u093f\u0932",
            "\u0939\u0948\u0902",
            "end"
        ],
        "tags": [
            "sos",
            "amod",
            "nsubj",
            "amod",
            "compound",
            "nmod",
            "case",
            "compound",
            "nmod",
            "case",
            "amod",
            "amod",
            "amod",
            "nmod",
            "nsubj",
            "amod",
            "nmod",
            "dobj",
            "",
            ""
        ]
    },
    "92": {
        "words": [
            "<start>",
            "\u0907\u0938\u0915\u0947",
            "\u0909\u0924\u094d\u0924\u0930",
            "\u092e\u0947\u0902",
            "\u0909\u0924\u094d\u0924\u0930",
            "\u092a\u094d\u0930\u0926\u0947\u0936,",
            "\u092a\u0942\u0930\u094d\u0935",
            "\u092e\u0947\u0902",
            "\u091b\u0924\u094d\u0924\u0940\u0938\u0917\u0922\u093c,",
            "\u0926\u0915\u094d\u0937\u093f\u0923",
            "\u092e\u0947\u0902",
            "\u092e\u0939\u093e\u0930\u093e\u0937\u094d\u091f\u094d\u0930,",
            "\u092a\u0936\u094d\u091a\u093f\u092e",
            "\u092e\u0947\u0902",
            "\u0917\u0941\u091c\u0930\u093e\u0924,",
            "\u0924\u0925\u093e",
            "\u0909\u0924\u094d\u0924\u0930-\u092a\u0936\u094d\u091a\u093f\u092e",
            "\u092e\u0947\u0902",
            "\u0930\u093e\u091c\u0938\u094d\u0925\u093e\u0928",
            "\u0939\u0948",
            "end"
        ],
        "tags": [
            "sos",
            "nmod",
            "nmod",
            "case",
            "compound",
            "compound",
            "nmod",
            "case",
            "compound",
            "nmod",
            "case",
            "nmod",
            "nmod",
            "case",
            "compound",
            "root",
            "nmod",
            "case",
            "nmod",
            "case",
            "compound"
        ]
    },
    "93": {
        "words": [
            "<start>",
            "\u0930\u093e\u091c\u0938\u094d\u0925\u093e\u0928",
            "\u092e\u0947\u0902",
            "\u0915\u093e\u0901\u091a",
            "\u092a\u094d\u0930\u093e\u092a\u094d\u0924\u093f",
            "\u0915\u0947",
            "\u092e\u0941\u0916\u094d\u092f",
            "\u0938\u094d\u0925\u0932",
            "\u091c\u092f\u092a\u0941\u0930,",
            "\u092c\u0940\u0915\u093e\u0928\u0947\u0930,",
            "\u092c\u0942\u0902\u0926\u0940",
            "\u0924\u0925\u093e",
            "\u0927\u094c\u0932\u092a\u0941\u0930",
            "\u091c\u093c\u093f\u0932\u0947",
            "\u0939\u0948",
            "\u091c\u0939\u093e\u0902",
            "\u0909\u092a\u092f\u0941\u0915\u094d\u0924",
            "\u0930\u0942\u092a",
            "\u0938\u0947",
            "\u0915\u093e\u0901\u091a",
            "\u0915\u0940",
            "\u092a\u094d\u0930\u093e\u092a\u094d\u0924\u093f",
            "\u0939\u094b\u0924\u0940",
            "\u0939\u0948",
            "end"
        ],
        "tags": [
            "sos",
            "nmod",
            "case",
            "compound",
            "nmod",
            "case",
            "amod",
            "amod",
            "amod",
            "compound",
            "root",
            "amod",
            "nmod",
            "nsubj",
            "case",
            "nmod",
            "amod",
            "advmod",
            "case",
            "nmod",
            "case",
            "compound",
            "acl",
            "aux",
            "eos"
        ]
    },
    "94": {
        "words": [
            "<start>",
            "\u0930\u093e\u091c\u0938\u094d\u0925\u093e\u0928",
            "\u092e\u0947\u0902",
            "\u0938\u0930\u094d\u0935\u092a\u094d\u0930\u0925\u092e",
            "\u091a\u093f\u0924\u094d\u0924\u094c\u0921\u093c\u0917\u0922\u093c",
            "\u091c\u093c\u093f\u0932\u0947",
            "\u092e\u0947\u0902",
            "\u092d\u094b\u092a\u093e\u0932\u0938\u093e\u0917\u0930",
            "\u0928\u0917\u0930",
            "\u092e\u0947\u0902",
            "\u091a\u0940\u0928\u0940",
            "\u092e\u093f\u0932",
            "\u0926",
            "\u092e\u0947\u0935\u093e\u0921\u093c",
            "\u0938\u0941\u0917\u0930",
            "\u092e\u093f\u0932\u094d\u0938",
            "\u0915\u0947",
            "\u0928\u093e\u092e",
            "\u0938\u0947",
            "\u0938\u0928\u094d",
            "1932",
            "\u092e\u0947\u0902",
            "\u092a\u094d\u0930\u093e\u0930\u092e\u094d\u092d",
            "\u0915\u0940",
            "\u0917\u0908",
            "end"
        ],
        "tags": [
            "sos",
            "nmod",
            "case",
            "compound",
            "amod",
            "nmod",
            "case",
            "amod",
            "nmod",
            "case",
            "nsubj",
            "acl",
            "compound",
            "compound",
            "compound",
            "nmod",
            "case",
            "nmod",
            "case",
            "compound",
            "nmod",
            "case",
            "compound",
            "root",
            "aux",
            "eos"
        ]
    },
    "95": {
        "words": [
            "<start>",
            "\u092f\u0939\u093e",
            "\u092a\u0930",
            "\u0935\u0938\u094d\u0930\u094d\u0924",
            "\u0915\u0940",
            "\u0930\u0902\u0917\u093e\u0908",
            "\u091b\u092a\u093e\u0908",
            "\u0915\u093e",
            "\u0915\u093e\u0930\u094d\u092f",
            "\u0939\u094b\u0924\u093e",
            "\u0939\u0948",
            "\u0914\u0930",
            "\u0907\u0938\u0915\u0940",
            "\u092e\u0939\u0924\u094d\u0935\u092a\u0941\u0930\u094d\u0923",
            "\u092c\u093e\u0924",
            "\u092f\u0939",
            "\u0939\u0948",
            "\u0915\u093f",
            "\u0932\u0941\u0923\u0940",
            "\u0928\u0926\u0940",
            "\u0915\u093e",
            "\u091c\u0932",
            "\u0907\u0938",
            "\u0938\u094d\u0925\u093e\u0928",
            "\u0938\u0947",
            "\u092a\u093e\u0928\u0940",
            "\u0916\u093e\u0930\u093e(\u0932\u0935\u0923\u0940\u092f)\u0939\u094b",
            "\u091c\u093e\u0924\u093e",
            "\u0939\u0948",
            "end"
        ],
        "tags": [
            "sos",
            "nmod",
            "case",
            "nmod",
            "case",
            "compound",
            "nmod",
            "case",
            "nsubj",
            "case",
            "aux",
            "eos",
            "nmod",
            "amod",
            "nsubj",
            "dobj",
            "",
            "acl",
            "amod",
            "nmod",
            "case",
            "nsubj",
            "amod",
            "nmod",
            "case",
            "nsubj",
            "case",
            "aux",
            "eos",
            ""
        ]
    },
    "96": {
        "words": [
            "<start>",
            "\u092c\u0921\u0935\u093e\u0928\u0940",
            "\u0915\u093e",
            "\u092c\u093e\u0935\u0928\u0917\u091c\u093e,\u0926\u092e\u094b\u0939",
            "\u0915\u093e",
            "\u0915\u0941\u0923\u094d\u0921\u0932\u092a\u0941\u0930,\u0926\u0924\u093f\u092f\u093e",
            "\u0915\u093e",
            "\u0938\u094b\u0928\u093e\u0917\u093f\u0930\u0940,\u0905\u0936\u094b\u0915\u0928\u0917\u0930",
            "\u0915\u093e",
            "\u0928\u093f\u0938\u0908\u091c\u0940",
            "\u092e\u0932\u094d\u0939\u093e\u0930\u0917\u0922\u093c,\u092c\u0948\u0924\u0942\u0932",
            "\u0915\u0940",
            "\u092e\u0941\u0915\u094d\u0924\u093e\u0917\u093f\u0930\u0940",
            "\u091c\u0948\u0928",
            "\u0927\u0930\u094d\u092e\u093e\u0932\u0902\u092c\u093f\u092f\u094b\u0902\u0902",
            "\u0939\u0947\u0924\u0941",
            "\u092a\u094d\u0930\u0938\u093f\u0926\u094d\u0927",
            "\u0939\u0948",
            "end"
        ],
        "tags": [
            "sos",
            "nmod",
            "case",
            "nmod",
            "case",
            "nmod",
            "case",
            "nmod",
            "case",
            "nsubj",
            "nmod",
            "case",
            "amod",
            "compound",
            "advcl",
            "case",
            "dobj",
            "",
            ""
        ]
    },
    "97": {
        "words": [
            "<start>",
            "\u0907\u0938\u0915\u0947",
            "\u092a\u0936\u094d\u091a\u093f\u092e",
            "\u092e\u0947\u0902",
            "\u092a\u093e\u0915\u093f\u0938\u094d\u0924\u093e\u0928,",
            "\u0926\u0915\u094d\u0937\u093f\u0923-\u092a\u0936\u094d\u091a\u093f\u092e",
            "\u092e\u0947\u0902",
            "\u0917\u0941\u091c\u0930\u093e\u0924,",
            "\u0926\u0915\u094d\u0937\u093f\u0923-\u092a\u0942\u0930\u094d\u0935",
            "\u092e\u0947\u0902",
            "\u092e\u0927\u094d\u092f\u092a\u094d\u0930\u0926\u0947\u0936,",
            "\u0909\u0924\u094d\u0924\u0930",
            "\u092e\u0947\u0902",
            "\u092a\u0902\u091c\u093e\u092c,",
            "\u0909\u0924\u094d\u0924\u0930-\u092a\u0942\u0930\u094d\u0935",
            "\u092e\u0947\u0902",
            "\u0909\u0924\u094d\u0924\u0930\u092a\u094d\u0930\u0926\u0947\u0936",
            "\u0914\u0930",
            "\u0939\u0930\u093f\u092f\u093e\u0923\u093e",
            "\u0939\u0948",
            "end"
        ],
        "tags": [
            "sos",
            "nmod",
            "case",
            "case",
            "compound",
            "nmod",
            "case",
            "compound",
            "nmod",
            "case",
            "amod",
            "nmod",
            "case",
            "nsubj",
            "nmod",
            "case",
            "compound",
            "nmod",
            "case",
            "compound",
            "root"
        ]
    },
    "98": {
        "words": [
            "<start>",
            "\u092a\u0942\u0930\u0947",
            "\u092d\u093e\u0930\u0924",
            "\u0935\u0930\u094d\u0937",
            "\u092e\u0947\u0902",
            "\u0938\u092c\u0938\u0947",
            "\u091c\u094d\u092f\u093e\u0926\u093e",
            "\u092a\u0939\u094d\u092e\u093e\u0923\u0947",
            "\u092e\u0947\u0902",
            "\u0935\u093f\u0926\u0947\u0936\u0940",
            "\u092a\u0930\u094d\u092f\u091f\u0928",
            "\u0938\u093f\u0930\u094d\u092b",
            "\u0930\u093e\u091c\u0938\u094d\u0925\u093e\u0928",
            "\u0906\u0924\u0947",
            "\u0939\u0948",
            "\u091c\u094b",
            "\u0915\u0940",
            "\u092d\u093e\u0930\u0924",
            "\u0926\u0947\u0936",
            "\u0915\u0940",
            "\u0938\u0902\u0938\u094d\u0915\u0943\u0924\u093f,",
            "\u0915\u0932\u093e",
            ",",
            "\u0935\u0947\u0936",
            "\u092d\u0942\u0937\u093e",
            ",",
            "\u0906\u0938\u094d\u0925\u093e",
            "\u0915\u093e",
            "\u0930\u0942\u092a",
            "\u0939\u0948",
            "end"
        ],
        "tags": [
            "sos",
            "amod",
            "amod",
            "nmod",
            "case",
            "advmod",
            "amod",
            "nmod",
            "case",
            "amod",
            "nsubj",
            "dep",
            "nmod",
            "case",
            "aux",
            "nmod",
            "case",
            "amod",
            "nmod",
            "case",
            "compound",
            "nsubj",
            "punct",
            "compound",
            "nsubj",
            "punct",
            "nmod",
            "case",
            "dobj",
            "acl",
            "compound"
        ]
    },
    "99": {
        "words": [
            "<start>",
            "\u0930\u093e\u091c\u0938\u094d\u0925\u093e\u0928",
            "\u092a\u0930\u094d\u092f\u091f\u0928",
            "\u0935\u093f\u092d\u093e\u0917",
            "\u0930\u093e\u091c\u0938\u094d\u0925\u093e\u0928",
            "\u0915\u0947",
            "\u0938\u092d\u0940",
            "\u092a\u094d\u0930\u0938\u093f\u0926\u094d\u0926",
            "\u0930\u093e\u091c",
            "\u092e\u0939\u0932,",
            "\u092e\u0902\u0926\u093f\u0930,",
            "\u0932\u094b\u0915",
            "\u0915\u0932\u093e,",
            "\u091f\u093e\u0907\u0917\u0930",
            "\u0930\u093f\u0938\u0949\u0930\u094d\u091f\u094d\u0938",
            ",",
            "\u0939\u094b\u091f\u0932\u094d\u0938",
            "\u091c\u0948\u0938\u0940",
            "\u0938\u092d\u0940",
            "\u0938\u0947\u0935\u093e\u090f\u0902",
            "\u092a\u0930\u094d\u092f\u091f\u0915\u094b\u0902",
            "\u0915\u094b",
            "\u0909\u092a\u0932\u092c\u094d\u0927",
            "\u0915\u0930\u093e\u0924\u0940",
            "\u0939\u0948",
            "end"
        ],
        "tags": [
            "sos",
            "compound",
            "compound",
            "nsubj",
            "nmod",
            "case",
            "amod",
            "amod",
            "amod",
            "amod",
            "compound",
            "compound",
            "compound",
            "compound",
            "nsubj",
            "punct",
            "nummod",
            "case",
            "amod",
            "nsubj",
            "obj",
            "case",
            "compound",
            "root",
            "aux",
            "eos"
        ]
    }
}