{"0": {"words": ["<start>", "\u0928\u093e\u0938\u093e", "\u0928\u0947", "\u0907\u0938\u0915\u0940", "\u092a\u0941\u0937\u094d\u091f\u093f", "\u0915\u0940", "\u0939\u0948", "end"], "tags": ["sos", "k1", "lwg__psp", "r6-k2", "pof", "main", "lwg__vaux", "eos"]}, "1": {"words": ["<start>", "\u0930\u0942\u0938", "\u0932\u0948\u0902\u0921\u0930", "\u0915\u094b", "\u0930\u0926\u094d\u0926", "\u0915\u0930\u0928\u0947", "\u0915\u093e", "\u092e\u0924\u0932\u092c", "\u0925\u093e", "end"], "tags": ["sos", "nmod__adj", "k2", "lwg__psp", "pof", "r6", "lwg__psp", "k1", "main", "eos"]}, "2": {"words": ["<start>", "\u0907\u0938\u0915\u093e", "\u0906\u0915\u093e\u0930", "\u0915\u094d\u0930\u093f\u0915\u0947\u091f", "\u092c\u0949\u0932", "\u0915\u0940", "\u0924\u0930\u0939", "\u0917\u094b\u0932", "\u0939\u0948", "end"], "tags": ["sos", "r6", "k1", "pof__cn", "k1u", "lwg__psp", "lwg__psp", "k1s", "main", "eos"]}, "3": {"words": ["<start>", "\u0915\u093f", "\u092e\u093f\u0936\u0928", "\u092a\u094d\u0930\u094b\u092b\u093c\u093e\u0907\u0932", "\u092a\u0930\u093f\u0935\u0930\u094d\u0924\u093f\u0924", "\u0939\u094b", "\u091c\u093e\u090f\u0917\u0940", "end"], "tags": ["sos", "rsym", "pof__cn", "k1", "pof", "main", "lwg__vaux", "eos"]}, "4": {"words": ["<start>", "\u092f\u0939", "\u0926\u0942\u0930\u0940", "\u092a\u0943\u0925\u094d\u0935\u0940", "\u0915\u0947", "\u0935\u094d\u092f\u093e\u0938", "\u0915\u093e", "\u0969\u0966", "\u0917\u0941\u0928\u093e", "\u0939\u0948", "end"], "tags": ["sos", "nmod__adj", "k1", "r6", "lwg__psp", "r6", "lwg__psp", "nmod__adj", "k1s", "main", "eos"]}, "5": {"words": ["<start>", "\u092f\u0939", "\u0915\u0947\u0935\u0932", "\u0932\u0948\u0902\u0921\u0930", "\u0915\u0947", "\u0938\u093e\u0925", "\u0938\u0902\u0935\u093e\u0926", "\u0915\u0930", "\u0938\u0915\u0924\u093e", "\u0939\u0948", "end"], "tags": ["sos", "k1", "lwg__rp", "ras-k1", "lwg__psp", "lwg__psp", "pof", "main", "lwg__vaux", "lwg__vaux_cont", "eos"]}, "6": {"words": ["<start>", "\u0907\u0928", "\u0938\u092c", "\u0915\u093e", "\u0935\u093f\u0915\u093e\u0938", "\u0907\u0938\u0930\u094b", "\u0926\u094d\u0935\u093e\u0930\u093e", "\u0915\u093f\u092f\u093e", "\u0917\u092f\u093e", "\u0939\u0948", "end"], "tags": ["sos", "nmod__adj", "r6", "lwg__psp", "pof", "k1", "lwg__psp", "main", "lwg__vaux", "lwg__vaux_cont", "eos"]}, "7": {"words": ["<start>", "\u0909\u0921\u093c\u093e\u0928", "\u0915\u0947", "\u0938\u092e\u092f", "\u0907\u0938\u0915\u093e", "\u0935\u091c\u0928", "\u0932\u0917\u092d\u0917", "3,850", "\u0915\u093f\u0932\u094b", "\u0925\u093e", "end"], "tags": ["sos", "k7t", "lwg__psp", "lwg__psp", "r6", "k1", "lwg__rp", "nmod__adj", "k1s", "main", "eos"]}, "8": {"words": ["<start>", "\u0909\u0921\u093c\u093e\u0928", "\u0915\u0947", "\u0938\u092e\u092f", "\u0907\u0938\u0915\u093e", "\u0935\u091c\u0928", "\u0932\u0917\u092d\u0917", "1400", "\u0915\u093f\u0932\u094b", "\u0939\u094b\u0917\u093e", "end"], "tags": ["sos", "k7t", "lwg__psp", "lwg__psp", "r6", "k1", "lwg__rp", "nmod__adj", "k1s", "main", "eos"]}, "9": {"words": ["<start>", "\u0932\u0948\u0902\u0921\u0930", "\u0924\u0925\u093e", "\u0930\u094b\u0935\u0930", "\u0915\u093e", "\u0935\u091c\u0928", "\u0932\u0917\u092d\u0917", "1250", "\u0915\u093f\u0932\u094b", "\u0939\u094b\u0917\u093e", "end"], "tags": ["sos", "ccof", "r6", "ccof", "lwg__psp", "k1", "lwg__rp", "nmod__adj", "k1s", "main", "eos"]}, "10": {"words": ["<start>", "\u0926\u094b\u092c\u093e\u0930\u093e", "\u0938\u0947", "\u0932\u0948\u0928\u094d\u0921\u0930", "\u0938\u0947", "\u0938\u0902\u092a\u0930\u094d\u0915", "\u0915\u093f\u092f\u093e", "\u091c\u093e", "\u0930\u0939\u093e", "\u0939\u0948", "end"], "tags": ["sos", "adv", "lwg__psp", "k2", "lwg__psp", "pof", "main", "lwg__vaux", "lwg__vaux_cont", "lwg__vaux_cont", "eos"]}, "11": {"words": ["<start>", "\u091a\u0928\u094d\u0926\u094d\u0930\u092e\u093e", "\u092a\u0930", "\u0917\u0941\u0930\u0941\u0924\u094d\u0935\u093e\u0915\u0930\u094d\u0937\u0923", "\u092a\u0943\u0925\u094d\u0935\u0940", "\u0938\u0947", "\u0967/\u096c", "\u0939\u0948", "end"], "tags": ["sos", "k7p", "lwg__psp", "k1", "k5", "lwg__psp", "k1s", "main", "eos"]}, "12": {"words": ["<start>", "\u092a\u0943\u0925\u094d\u0935\u0940", "\u0915\u0940", "\u0924\u0941\u0932\u0928\u093e", "\u092e\u0947\u0902", "\u092f\u0939", "\u0938\u094c\u0935\u0947\u0902", "\u092d\u093e\u0917", "\u0938\u0947", "\u092d\u0940", "\u0915\u092e", "\u0939\u0948", "end"], "tags": ["sos", "k7", "lwg__psp", "lwg__psp", "lwg__psp", "nmod__adj", "nmod__adj", "k5", "lwg__psp", "lwg__rp", "k1s", "main", "eos"]}, "13": {"words": ["<start>", "\u0914\u0930", "\u0907\u0938\u0938\u0947", "\u091c\u0941\u0921\u093c\u0947", "\u092a\u094d\u0930\u094c\u0926\u094d\u092f\u094b\u0917\u093f\u0915\u093f\u092f\u094b\u0902", "\u0915\u093e", "\u0905\u0927\u094d\u092f\u092f\u0928", "\u0915\u093f\u092f\u093e", "end"], "tags": ["sos", "main", "k2", "nmod__k1inv", "r6-k2", "lwg__psp", "pof", "ccof", "eos"]}, "14": {"words": ["<start>", "4th", "\u0926\u0947\u0936", "\u091c\u094b", "\u091a\u093e\u0902\u0926", "\u0915\u0940", "\u0938\u0924\u0939", "\u092a\u0930", "\u0938\u0949\u092b\u094d\u091f", "\u0932\u0948\u0902\u0921\u093f\u0902\u0917", "\u0915\u0930\u0947\u0917\u093e", "end"], "tags": ["sos", "rsym", "k1", "k1", "r6", "lwg__psp", "k7", "lwg__psp", "pof__cn", "pof", "main", "eos"]}, "15": {"words": ["<start>", "\u091a\u0928\u094d\u0926\u094d\u0930\u092e\u093e", "\u092a\u0943\u0925\u094d\u0935\u0940", "\u0915\u093e", "\u090f\u0915\u092e\u093e\u0924\u094d\u0930", "\u092a\u094d\u0930\u093e\u0915\u0943\u0924\u093f\u0915", "\u0909\u092a\u0917\u094d\u0930\u0939", "\u0939\u0948", "end"], "tags": ["sos", "k1", "r6", "lwg__psp", "nmod__adj", "mod", "k1s", "main", "eos"]}, "16": {"words": ["<start>", "\u092a\u0943\u0925\u094d\u0935\u0940", "\u0938\u0947", "\u091a\u0928\u094d\u0926\u094d\u0930\u092e\u093e", "\u0915\u0940", "\u0926\u0942\u0930\u0940", "\u0969\u096e\u096a,\u096a\u0966\u0969", "\u0915\u093f\u0932\u094b\u092e\u0940\u091f\u0930", "\u0939\u0948", "end"], "tags": ["sos", "k5", "lwg__psp", "r6", "lwg__psp", "k1", "nmod__adj", "k1s", "main", "eos"]}, "17": {"words": ["<start>", "\u092a\u0930\u0902\u0924\u0941", "\u0905\u092d\u0940", "\u091a\u0902\u0926\u094d\u0930\u092f\u093e\u0928-2", "\u0938\u0947", "\u0938\u0902\u092a\u0930\u094d\u0915", "\u0928\u0939\u0940\u0902", "\u0939\u094b", "\u092a\u093e\u092f\u093e", "\u0939\u0948", "end"], "tags": ["sos", "main", "k7t", "k5", "lwg__psp", "pof", "lwg__neg", "ccof", "lwg__vaux", "lwg__vaux_cont", "eos"]}, "18": {"words": ["<start>", "\u0924\u0925\u093e", "\u0905\u092d\u093f\u092f\u093e\u0928", "\u0915\u094b", "2016", "\u0915\u0947", "\u0932\u093f\u092f\u0947", "\u092a\u0941\u0928\u0930\u094d\u0928\u093f\u0930\u094d\u0927\u093e\u0930\u093f\u0924", "\u0915\u093f\u092f\u093e", "end"], "tags": ["sos", "main", "k2", "lwg__psp", "rt", "lwg__psp", "lwg__psp", "pof", "ccof", "eos"]}, "19": {"words": ["<start>", "\u0907\u0938\u0915\u0947", "\u091a\u093e\u0930", "\u092a\u0939\u093f\u090f", "\u0938\u094d\u0935\u0924\u0902\u0924\u094d\u0930", "\u0938\u094d\u091f\u0940\u092f\u0930\u093f\u0902\u0917", "\u092e\u0947\u0902", "\u0938\u0915\u094d\u0937\u092e", "\u0939\u094b\u0902\u0917\u0947", "end"], "tags": ["sos", "r6", "nmod__adj", "k1", "nmod__adj", "k7", "lwg__psp", "pof", "main", "eos"]}, "20": {"words": ["<start>", "\u092a\u0930\u0902\u0924\u0941", "\u0905\u092d\u093f\u092f\u093e\u0928", "\u0915\u094b", "\u091c\u0928\u0935\u0930\u0940", "2013", "\u092e\u0947\u0902", "\u0938\u094d\u0925\u0917\u093f\u0924", "\u0915\u0930", "\u0926\u093f\u092f\u093e", "\u0917\u092f\u093e", "end"], "tags": ["sos", "main", "k2", "lwg__psp", "pof__cn", "k7t", "lwg__psp", "pof", "ccof", "lwg__vaux", "lwg__vaux_cont", "eos"]}, "21": {"words": ["<start>", "\u092f\u0939", "\u0938\u094c\u0930", "\u092e\u0902\u0921\u0932", "\u0915\u093e", "\u092a\u093e\u091a\u0935\u093e\u0901,\u0938\u092c\u0938\u0947", "\u0935\u093f\u0936\u093e\u0932", "\u092a\u094d\u0930\u093e\u0915\u0943\u0924\u093f\u0915", "\u0909\u092a\u0917\u094d\u0930\u0939", "\u0939\u0948", "end"], "tags": ["sos", "nmod__adj", "pof__cn", "r6", "lwg__psp", "jjmod__intf", "nmod__adj", "mod", "k1", "main", "eos"]}, "22": {"words": ["<start>", "\u0905\u0928\u094d\u0924\u0930\u093f\u0915\u094d\u0937", "\u092e\u0947\u0902", "\u092e\u093e\u0928\u0935", "\u0938\u093f\u0930\u094d\u092b", "\u091a\u0928\u094d\u0926\u094d\u0930\u092e\u093e", "\u092a\u0930", "\u0939\u0940", "\u0915\u0926\u092e", "\u0930\u0916", "\u0938\u0915\u093e", "\u0939\u0948", "end"], "tags": ["sos", "k7p", "lwg__psp", "k1", "lwg__rp", "k7", "lwg__psp", "lwg__rp", "pof", "main", "lwg__vaux", "lwg__vaux_cont", "eos"]}, "23": {"words": ["<start>", "\u0915\u094d\u092f\u094b\u0902\u0915\u093f", "\u0930\u0942\u0938", "\u0932\u0948\u0902\u0921\u0930", "\u0915\u094b", "\u0938\u092e\u092f", "\u092a\u0930", "\u0935\u093f\u0915\u0938\u093f\u0924", "\u0915\u0930\u0928\u0947", "\u092e\u0947\u0902", "\u0905\u0938\u092e\u0930\u094d\u0925", "\u0925\u093e", "end"], "tags": ["sos", "main", "k1", "k2", "lwg__psp", "k7", "lwg__psp", "pof", "k7", "lwg__psp", "pof", "ccof", "eos"]}, "24": {"words": ["<start>", "\u0932\u0948\u0902\u0921\u0930", "\u0915\u093f\u0938\u0940", "\u092d\u0940", "\u0935\u0948\u091c\u094d\u091e\u093e\u0928\u093f\u0915", "\u0917\u0924\u093f\u0935\u093f\u0927\u093f\u092f\u094b\u0902", "\u092a\u094d\u0930\u0926\u0930\u094d\u0936\u0928", "\u0928\u0939\u0940\u0902", "\u0915\u0930\u0947\u0902\u0917\u0947", "end"], "tags": ["sos", "k1", "k7", "lwg__rp", "nmod__adj", "k1", "pof", "lwg__neg", "main", "eos"]}, "25": {"words": ["<start>", "\u0938\u0942\u0930\u094d\u092f", "\u0915\u0947", "\u092c\u093e\u0926", "\u0906\u0938\u092e\u093e\u0928", "\u092e\u0947\u0902", "\u0938\u092c\u0938\u0947", "\u0905\u0927\u093f\u0915", "\u091a\u092e\u0915\u0926\u093e\u0930", "\u0928\u093f\u0915\u093e\u092f", "\u091a\u0928\u094d\u0926\u094d\u0930\u092e\u093e", "\u0939\u0948", "end"], "tags": ["sos", "k7t", "lwg__psp", "lwg__psp", "k7p", "lwg__psp", "jjmod__intf", "nmod__adj", "nmod__adj", "k1", "k1s", "main", "eos"]}, "26": {"words": ["<start>", "\u091c\u092c", "\u0930\u0942\u0938", "\u0928\u0947", "2015", "\u0938\u0947", "\u092a\u0939\u0932\u0947", "\u0932\u0948\u0902\u0921\u0930", "\u0915\u0947", "\u0935\u093f\u0915\u093e\u0938", "\u092e\u0947\u0902", "\u0905\u092a\u0928\u0940", "\u0905\u0938\u092e\u0930\u094d\u0925\u0924\u093e", "\u091c\u0924\u093e\u0908", "end"], "tags": ["sos", "k7t", "k1", "lwg__psp", "k7t", "lwg__psp", "lwg__psp", "r6", "lwg__psp", "k7", "lwg__psp", "r6", "k2", "main", "eos"]}, "27": {"words": ["<start>", "\u0939\u093e\u0932\u093e\u0902\u0915\u093f,", "\u0930\u0942\u0938", "\u0928\u0947", "\u092e\u0908", "2010", "\u0915\u094b", "\u0930\u094b\u0935\u0930", "\u0915\u094b", "\u0921\u093f\u091c\u093e\u0907\u0928", "\u0915\u0930\u0928\u0947", "\u0938\u0947", "\u092e\u0928\u093e", "\u0915\u0930", "\u0926\u093f\u092f\u093e", "end"], "tags": ["sos", "k1", "k1", "lwg__psp", "pof__cn", "k7t", "lwg__psp", "k2", "lwg__psp", "pof", "rt", "lwg__psp", "pof", "main", "lwg__vaux", "eos"]}, "28": {"words": ["<start>", "\u091a\u0902\u0926\u094d\u0930\u092e\u093e", "\u0915\u093e", "\u0915\u0930\u0940\u092c", "1-100", "\u0928\u0948\u0928\u094b\u091f\u0947\u0938\u094d\u0932\u093e", "\u0915\u093e", "\u090f\u0915", "\u092c\u093e\u0939\u094d\u092f", "\u091a\u0941\u092e\u094d\u092c\u0915\u0940\u092f", "\u0915\u094d\u0937\u0947\u0924\u094d\u0930", "\u0939\u0948", "end"], "tags": ["sos", "r6", "lwg__psp", "lwg__rp", "nmod__adj", "r6", "lwg__psp", "nmod__adj", "nmod__adj", "pof__cn", "k1", "main", "eos"]}, "29": {"words": ["<start>", "\u0906\u0902\u0915\u0921\u093c\u094b\u0902", "\u0915\u094b", "\u091a\u0902\u0926\u094d\u0930\u092f\u093e\u0928-2", "\u0915\u0915\u094d\u0937\u092f\u093e\u0928", "\u0915\u0947", "\u092e\u093e\u0927\u094d\u092f\u092e", "\u0938\u0947", "\u092a\u0943\u0925\u094d\u0935\u0940", "\u092a\u0930", "\u092d\u0947\u091c\u093e", "\u091c\u093e\u092f\u0947\u0917\u093e", "end"], "tags": ["sos", "k2", "lwg__psp", "nmod__adj", "k3", "lwg__psp", "lwg__psp", "lwg__psp", "k7p", "lwg__psp", "main", "lwg__vaux", "eos"]}, "30": {"words": ["<start>", "\u092a\u0939\u093f\u090f\u0926\u093e\u0930", "\u0930\u094b\u0935\u0930", "\u091a\u0902\u0926\u094d\u0930", "\u0938\u0924\u0939", "\u092a\u0930", "\u091a\u0932\u0947\u0917\u093e", "\u0914\u0930", "\u091c\u0917\u0939", "\u0915\u093e", "\u0930\u093e\u0938\u093e\u092f\u0928\u093f\u0915", "\u0935\u093f\u0936\u094d\u0932\u0947\u0937\u0923", "\u0915\u0930\u0947\u0917\u093e", "end"], "tags": ["sos", "pof__cn", "pof__cn", "pof__cn", "k7", "lwg__psp", "ccof", "main", "r6-k2", "lwg__psp", "nmod__adj", "pof", "ccof", "eos"]}, "31": {"words": ["<start>", "\u0915\u0941\u0932", "10", "\u092c\u093f\u091c\u0932\u0940", "\u0915\u0940", "\u092e\u094b\u091f\u0930\u094b\u0902", "\u0915\u0930\u094d\u0937\u0923", "\u0914\u0930", "\u0938\u094d\u091f\u0940\u092f\u0930\u093f\u0902\u0917", "\u0915\u0947", "\u0932\u093f\u090f", "\u0907\u0938\u094d\u0924\u0947\u092e\u093e\u0932", "\u0915\u093f", "\u091c\u093e\u090f\u0917\u0940", "end"], "tags": ["sos", "nmod__adj", "nmod__adj", "r6", "lwg__psp", "nmod", "ccof", "fragof", "ccof", "lwg__psp", "lwg__psp", "k1", "rs", "mod", "eos"]}, "32": {"words": ["<start>", "\u0907\u0938\u0915\u0947", "\u092c\u093e\u0926,", "\u0907\u0938\u0930\u094b", "\u0928\u0947", "\u0930\u094b\u0935\u0930", "\u0915\u0947", "\u0921\u093f\u091c\u093e\u0907\u0928", "\u0914\u0930", "\u0928\u093f\u0930\u094d\u092e\u093e\u0923", "\u0916\u0941\u0926", "\u0915\u0930\u0928\u0947", "\u0915\u093e", "\u092b\u0948\u0938\u0932\u093e", "\u0915\u093f\u092f\u093e", "end"], "tags": ["sos", "sent-adv", "lwg__psp", "k1", "lwg__psp", "r6", "lwg__psp", "ccof", "pof", "ccof", "nmod__emph", "r6-k2", "lwg__psp", "pof", "main", "eos"]}, "33": {"words": ["<start>", "\u0924\u0925\u093e", "\u092d\u093e\u0930\u0924", "\u0928\u0947", "\u091a\u0902\u0926\u094d\u0930", "\u092e\u093f\u0936\u0928", "\u0915\u094b", "\u0938\u094d\u0935\u0924\u0902\u0924\u094d\u0930", "\u0930\u0942\u092a", "\u0938\u0947", "\u0935\u093f\u0915\u0938\u093f\u0924", "\u0915\u0930\u0928\u0947", "\u0915\u093e", "\u092b\u0948\u0938\u0932\u093e", "\u0915\u093f\u092f\u093e", "end"], "tags": ["sos", "main", "k1", "lwg__psp", "pof__cn", "k2", "lwg__psp", "nmod__adj", "adv", "lwg__psp", "pof", "r6-k2", "lwg__psp", "pof", "ccof", "eos"]}, "34": {"words": ["<start>", "\u0938\u092e\u0941\u0926\u094d\u0930\u0940", "\u091c\u094d\u0935\u093e\u0930", "\u0914\u0930", "\u092d\u093e\u091f\u093e", "\u091a\u0928\u094d\u0926\u094d\u0930\u092e\u093e", "\u0915\u0940", "\u0917\u0941\u0930\u0941\u0924\u094d\u0935\u093e\u0915\u0930\u094d\u0937\u0923", "\u0936\u0915\u094d\u0924\u093f", "\u0915\u0947", "\u0915\u093e\u0930\u0923", "\u0906\u0924\u0947", "\u0939\u0948\u0902", "end"], "tags": ["sos", "nmod__adj", "ccof", "main", "k1", "r6", "lwg__psp", "pof__cn", "rh", "lwg__psp", "lwg__psp", "ccof", "lwg__vaux", "eos"]}, "35": {"words": ["<start>", "\u0905\u092d\u093f\u092f\u093e\u0928", "\u0915\u094b", "\u091c\u0940\u090f\u0938\u090f\u0932\u0935\u0940", "\u0938\u0902\u0938\u094d\u0915\u0930\u0923", "3", "\u092a\u094d\u0930\u0915\u094d\u0937\u0947\u092a\u0923", "\u092f\u093e\u0928", "\u0926\u094d\u0935\u093e\u0930\u093e", "\u092a\u094d\u0930\u0915\u094d\u0937\u0947\u092a\u093f\u0924", "\u0915\u093f\u092f\u093e", "\u0917\u092f\u093e", "end"], "tags": ["sos", "k2", "lwg__psp", "nmod__adj", "k2", "nmod__adj", "pof__cn", "k1", "lwg__psp", "pof", "main", "lwg__vaux", "eos"]}, "36": {"words": ["<start>", "\u0926\u093f\u0938\u0902\u092c\u0930", "2015", "\u0915\u094b,", "\u0907\u0938", "\u0905\u092d\u093f\u092f\u093e\u0928", "\u0915\u0947", "\u0932\u093f\u092f\u0947", "603", "\u0915\u0930\u094b\u0921\u093c", "\u0930\u0941\u092a\u092f\u0947", "\u0915\u0940", "\u0932\u093e\u0917\u0924", "\u0906\u0935\u0902\u091f\u093f\u0924", "\u0915\u0940", "\u0917\u0908", "end"], "tags": ["sos", "pof__cn", "k7t", "vmod", "nmod__adj", "rt", "lwg__psp", "lwg__psp", "mod", "nmod__adj", "r6", "lwg__psp", "k2", "pof", "main", "lwg__vaux", "eos"]}, "37": {"words": ["<start>", "\u0939\u093e\u0932\u093e\u0902\u0915\u093f", "\u0907\u0938\u0930\u094b", "\u0928\u0947", "\u091a\u0902\u0926\u094d\u0930\u092f\u093e\u0928", "-2", "\u0915\u093e\u0930\u094d\u092f\u0915\u094d\u0930\u092e", "\u0915\u0947", "\u0905\u0928\u0941\u0938\u093e\u0930", "\u092a\u0947\u0932\u094b\u0921", "\u0915\u094b", "\u0905\u0902\u0924\u093f\u092e", "\u0930\u0942\u092a", "\u0926\u093f\u092f\u093e", "end"], "tags": ["sos", "main", "k1", "lwg__psp", "pof__cn", "rsym", "k7a", "lwg__psp", "lwg__psp", "k4", "lwg__psp", "nmod__adj", "pof", "ccof", "eos"]}, "38": {"words": ["<start>", "\u0914\u0930", "\u092f\u0939", "\u0916\u0941\u0926", "\u0938\u0947", "\u0928\u0939\u0940\u0902", "\u091a\u092e\u0915\u0924\u093e", "\u092c\u0932\u094d\u0915\u093f", "\u092f\u0939", "\u0924\u094b", "\u0938\u0942\u0930\u094d\u092f", "\u0915\u0947", "\u092a\u094d\u0930\u0915\u093e\u0936", "\u0938\u0947", "\u092a\u094d\u0930\u0915\u093e\u0936\u093f\u0924", "\u0939\u094b\u0924\u093e", "\u0939\u0948", "end"], "tags": ["sos", "ccof", "k1", "adv", "lwg__psp", "lwg__neg", "ccof", "main", "k1", "lwg__rp", "r6", "lwg__psp", "k5", "lwg__psp", "pof", "ccof", "lwg__vaux", "eos"]}, "39": {"words": ["<start>", "\u091a\u0902\u0926\u094d\u0930\u092e\u093e", "\u0915\u0940", "\u0938\u0924\u0939", "\u092a\u0930", "\u0932\u0948\u0902\u0921\u093f\u0902\u0917", "\u0915\u0947", "\u0932\u093f\u090f", "\u0905\u0928\u0941\u0938\u0902\u0927\u093e\u0928", "\u0926\u0932", "\u0928\u0947", "\u0932\u0948\u0902\u0921\u093f\u0902\u0917", "\u0935\u093f\u0927\u093f", "\u0915\u0940", "\u092a\u0939\u091a\u093e\u0928", "\u0915\u0940", "end"], "tags": ["sos", "r6", "lwg__psp", "k7p", "lwg__psp", "rt", "lwg__psp", "lwg__psp", "pof__cn", "k1", "lwg__psp", "pof__cn", "r6", "lwg__psp", "r6", "lwg__psp", "eos"]}, "40": {"words": ["<start>", "\u0927\u0930\u0924\u0940", "\u0915\u0947", "\u092c\u093e\u0926", "\u091a\u093e\u0902\u0926", "\u092a\u0930", "\u092d\u094c\u0917\u094b\u0932\u093f\u0915", "\u0906\u0927\u093f\u092a\u0924\u094d\u092f", "\u0915\u0940", "\u0939\u094b\u0921\u093c", "\u092e\u0947\u0902", "\u092d\u093e\u0930\u0924", "\u0905\u0917\u094d\u0930\u0923\u0940", "\u092c\u0928\u0915\u0930", "\u0909\u092d\u0930\u0947\u0917\u093e.", "end"], "tags": ["sos", "k7t", "lwg__psp", "lwg__psp", "k7", "lwg__psp", "nmod__adj", "r6", "lwg__psp", "k7", "lwg__psp", "nmod__adj", "k1", "main", "pof__cn", "eos"]}, "41": {"words": ["<start>", "\u0938\u0902\u091a\u093e\u0930,", "\u0938\u0947\u0902\u0938\u0930", "\u092a\u094d\u0930\u094b\u0926\u094d\u092f\u094b\u0917\u093f\u0915\u0940", "\u0915\u0947", "\u0915\u094d\u0937\u0947\u0924\u094d\u0930", "\u092e\u0947\u0902", "ISRO", "\u0915\u0940", "\u0915\u094d\u0937\u092e\u0924\u093e", "\u0915\u093e", "\u092a\u094d\u0930\u0926\u0930\u094d\u0936\u0928", "\u0939\u094b\u0917\u093e", "end"], "tags": ["sos", "pof__cn", "pof__cn", "r6", "lwg__psp", "k7p", "lwg__psp", "r6", "lwg__psp", "r6", "lwg__psp", "pof", "main", "eos"]}, "42": {"words": ["<start>", "\u091a\u093e\u0902\u0926", "\u092a\u0930", "\u092e\u093f\u0936\u0928", "\u092d\u0947\u091c\u0928\u0947", "\u0935\u093e\u0932\u0947", "\u0924\u0940\u0928", "\u0924\u093e\u0915\u0924\u0935\u0930", "\u0926\u0947\u0936\u094b\u0902", "\u0915\u0947", "\u0915\u094d\u0932\u092c", "\u0915\u093e", "\u091a\u094c\u0925\u093e", "\u0938\u0926\u0938\u094d\u092f", "\u092c\u0928", "\u091c\u093e\u090f\u0917\u093e.", "end"], "tags": ["sos", "k7", "lwg__psp", "k2", "nmod", "lwg__psp", "nmod__adj", "nmod__adj", "r6", "lwg__psp", "r6", "lwg__psp", "nmod__adj", "k1s", "main", "lwg__vaux", "eos"]}, "43": {"words": ["<start>", "\u0907\u0928\u092e\u0947\u0902", "\u0938\u0947", "\u0915\u0941\u091b", "\u0915\u0947", "\u0928\u093e\u092e", "\u0935\u093f\u0926\u094d\u0935\u093e\u0928\u094b\u0902,", "\u0935\u0948\u091c\u094d\u091e\u093e\u0928\u093f\u0915\u094b\u0902,", "\u0915\u0932\u093e\u0915\u093e\u0930\u094b\u0902", "\u0914\u0930", "\u0916\u094b\u091c\u0915\u0930\u094d\u0924\u093e\u0913\u0901", "\u092a\u0930", "\u0939\u0948\u0902", "end"], "tags": ["sos", "k5", "lwg__psp", "r6", "lwg__psp", "k1", "nmod__adj", "pof__cn", "ccof", "k1s", "ccof", "lwg__psp", "main", "eos"]}, "44": {"words": ["<start>", "\u092c\u0943\u0939\u0938\u094d\u092a\u0924\u093f", "\u0915\u0947", "\u0909\u092a\u0917\u094d\u0930\u0939", "lo", "\u0915\u0947", "\u092c\u093e\u0926", "\u091a\u0928\u094d\u0926\u094d\u0930\u092e\u093e", "\u0926\u0942\u0938\u0930\u093e", "\u0938\u092c\u0938\u0947", "\u0905\u0927\u093f\u0915", "\u0918\u0928\u0924\u094d\u0935", "\u0935\u093e\u0932\u093e", "\u0909\u092a\u0917\u094d\u0930\u0939", "\u0939\u0948", "end"], "tags": ["sos", "r6", "lwg__psp", "k7t", "rsym", "lwg__psp", "lwg__psp", "k1", "nmod__adj", "jjmod__intf", "nmod__adj", "nmod", "lwg__psp", "k1s", "main", "eos"]}, "45": {"words": ["<start>", "\u092a\u094d\u0930\u093e\u0930\u0902\u092d\u093f\u0915", "\u092f\u094b\u091c\u0928\u093e", "\u092e\u0947\u0902", "\u0930\u094b\u0935\u0930", "\u0915\u094b", "\u0930\u0942\u0938", "\u092e\u0947\u0902", "\u0921\u093f\u091c\u093e\u0907\u0928", "\u0914\u0930", "\u092d\u093e\u0930\u0924", "\u092e\u0947\u0902", "\u0928\u093f\u0930\u094d\u092e\u093f\u0924", "\u0915\u093f\u092f\u093e", "\u091c\u093e\u0928\u093e", "\u0925\u093e", "end"], "tags": ["sos", "nmod__adj", "k7", "lwg__psp", "k2", "lwg__psp", "k7p", "lwg__psp", "ccof", "k2", "ccof", "lwg__psp", "pof", "main", "lwg__vaux", "lwg__vaux_cont", "eos"]}, "46": {"words": ["<start>", "\u0924\u094b", "\u092d\u093e\u0930\u0924\u0940\u092f", "\u0905\u0927\u093f\u0915\u093e\u0930\u093f\u092f\u094b\u0902", "\u0928\u0947", "\u0938\u094d\u0935\u0924\u0902\u0924\u094d\u0930", "\u0930\u0942\u092a", "\u0938\u0947", "\u0932\u0948\u0902\u0921\u0930", "\u0915\u094b", "\u0935\u093f\u0915\u0938\u093f\u0924", "\u0915\u0930\u0928\u0947", "\u0915\u093e", "\u0928\u093f\u0930\u094d\u0923\u092f", "\u0932\u093f\u092f\u093e", "end"], "tags": ["sos", "main", "nmod__adj", "k1", "lwg__psp", "nmod__adj", "adv", "lwg__psp", "k2", "lwg__psp", "pof", "r6-k2", "lwg__psp", "pof", "ccof", "eos"]}, "47": {"words": ["<start>", "\u0911\u0930\u094d\u092c\u093f\u091f\u0930", "\u0914\u0930", "\u0909\u0938\u0915\u0947", "\u091c\u0940\u090f\u0938\u090f\u0932\u0935\u0940", "\u092a\u094d\u0930\u0915\u094d\u0937\u0947\u092a\u0923", "\u092f\u093e\u0928", "\u0915\u0947", "\u092c\u0940\u091a", "\u0907\u0902\u091f\u0930\u092b\u0947\u0938", "\u0915\u094b", "\u0905\u0902\u0924\u093f\u092e", "\u0930\u0942\u092a", "\u0926\u0947", "\u0926\u093f\u092f\u093e", "\u0939\u0948", "end"], "tags": ["sos", "ccof", "nmod", "r6", "ccof", "pof__cn", "k7", "lwg__psp", "lwg__psp", "k4", "lwg__psp", "nmod__adj", "pof", "main", "lwg__vaux", "lwg__vaux_cont", "eos"]}, "48": {"words": ["<start>", "\u092a\u0943\u0925\u094d\u0935\u0940-", "\u091a\u0928\u094d\u0926\u094d\u0930\u092e\u093e-\u0938\u0942\u0930\u094d\u092f", "\u091c\u094d\u092f\u093e\u092e\u093f\u0924\u093f", "\u0915\u0947", "\u0915\u093e\u0930\u0923", "\"\u091a\u0928\u094d\u0926\u094d\u0930", "\u0926\u0936\u093e\"", "\u0939\u0930", "\u0968\u096f.\u096b", "\u0926\u093f\u0928\u094b\u0902", "\u092e\u0947\u0902", "\u092c\u0926\u0932\u0924\u0940", "\u0939\u0948", "end"], "tags": ["sos", "pof__cn", "pof__cn", "rh", "lwg__psp", "lwg__psp", "rsym", "k1", "nmod__adj", "nmod__adj", "k7t", "lwg__psp", "main", "lwg__vaux", "eos"]}, "49": {"words": ["<start>", "\u0907\u0938", "\u0905\u092d\u093f\u092f\u093e\u0928", "\u092e\u0947\u0902", "\u092d\u093e\u0930\u0924", "\u092e\u0947\u0902", "\u0928\u093f\u0930\u094d\u092e\u093f\u0924", "\u090f\u0915", "\u091a\u0902\u0926\u094d\u0930", "\u0915\u0915\u094d\u0937\u092f\u093e\u0928,", "\u090f\u0915", "\u0930\u094b\u0935\u0930", "\u090f\u0935\u0902", "\u090f\u0915", "\u0932\u0948\u0902\u0921\u0930", "\u0936\u093e\u092e\u093f\u0932", "\u0939\u0948\u0902", "end"], "tags": ["sos", "nmod__adj", "k7", "lwg__psp", "jjmod", "lwg__psp", "nmod", "nmod__adj", "pof__cn", "k1", "nmod__adj", "ccof", "k1", "nmod__adj", "ccof", "k1s", "main", "eos"]}, "50": {"words": ["<start>", "\u092a\u094d\u0930\u093e\u0930\u0902\u092d", "\u092e\u0947\u0902,", "\u0932\u0948\u0902\u0921\u0930", "\u0930\u0942\u0938", "\u0926\u094d\u0935\u093e\u0930\u093e", "\u092d\u093e\u0930\u0924", "\u0915\u0947", "\u0938\u093e\u0925", "\u0938\u0939\u092f\u094b\u0917", "\u0938\u0947", "\u0935\u093f\u0915\u0938\u093f\u0924", "\u0915\u093f\u090f", "\u091c\u093e\u0928\u0947", "\u0915\u0940", "\u0909\u092e\u094d\u092e\u0940\u0926", "\u0925\u0940", "end"], "tags": ["sos", "k7t", "pof__cn", "pof__cn", "k1", "lwg__psp", "ras-k1", "lwg__psp", "lwg__psp", "k3", "lwg__psp", "pof", "r6", "lwg__vaux", "lwg__psp", "k1", "main", "eos"]}, "51": {"words": ["<start>", "ISRO", "\u0915\u0940", "\u0936\u0915\u094d\u0924\u093f\u0936\u093e\u0932\u0940", "\u0930\u0949\u0915\u0947\u091f", "\u0935", "\u092d\u093e\u0930\u0940-\u092d\u0930\u0915\u092e", "\u092a\u0947\u0932\u094b\u0921", "\u091b\u094b\u0921\u093c\u0928\u0947", "\u0915\u0940", "\u0915\u094d\u0937\u092e\u0924\u093e", "\u0915\u093e", "\u0926\u0941\u0928\u093f\u092f\u093e", "\u0915\u094b", "\u092a\u0924\u093e", "\u091a\u0932\u093e.", "end"], "tags": ["sos", "r6", "lwg__psp", "nmod__adj", "ccof", "k2", "nmod__adj", "ccof", "r6", "lwg__psp", "r6", "lwg__psp", "k2", "lwg__psp", "pof", "main", "eos"]}, "52": {"words": ["<start>", "\u091a\u0902\u0926\u094d\u0930\u092e\u093e", "\u0915\u0947", "\u0911\u0915\u094d\u0938\u0940\u091c\u0928", "\u0938\u092e\u0938\u094d\u0925\u093e\u0928\u093f\u0915", "\u0905\u0928\u0941\u092a\u093e\u0924", "\u092a\u0943\u0925\u094d\u0935\u0940", "\u0915\u0947", "\u0932\u093f\u090f", "\u0905\u0928\u093f\u0935\u093e\u0930\u094d\u092f", "\u0930\u0942\u092a", "\u0938\u0947", "\u0938\u092e\u093e\u0928", "\u0926\u093f\u0916\u0924\u0947", "\u0939\u0948\u0902", "end"], "tags": ["sos", "r6", "lwg__psp", "pof__cn", "nmod__adj", "k1", "rt", "lwg__psp", "lwg__psp", "nmod__adj", "adv", "lwg__psp", "pof", "main", "lwg__vaux", "eos"]}, "53": {"words": ["<start>", "\u0932\u0948\u0902\u0921\u0930", "\u0915\u094b", "\u091a\u0902\u0926\u094d\u0930", "\u0938\u0924\u0939", "\u092a\u0930", "\u090f\u0915", "\u0928\u0930\u092e", "\u0932\u0948\u0902\u0921\u093f\u0902\u0917", "\u0915\u094b", "\u0928\u093f\u0937\u094d\u092a\u093e\u0926\u093f\u0924", "\u0915\u0930\u0928\u0947", "\u0915\u0947", "\u0932\u093f\u090f", "\u0921\u093f\u091c\u093c\u093e\u0907\u0928", "\u0915\u093f\u092f\u093e", "\u0917\u092f\u093e", "\u0939\u0948", "end"], "tags": ["sos", "k2", "lwg__psp", "nmod__adj", "k7", "lwg__psp", "nmod__adj", "nmod__adj", "k2", "lwg__psp", "pof", "rt", "lwg__psp", "lwg__psp", "pof", "main", "lwg__vaux", "lwg__vaux_cont", "eos"]}, "54": {"words": ["<start>", "\u092a\u0939\u0932\u093e", "\u092d\u093e\u0930\u0924\u0940\u092f", "\u092e\u093f\u0936\u0928,", "\u091c\u094b", "\u0918\u0930\u0947\u0932\u0942", "\u0924\u0915\u0928\u0940\u0915", "\u0915\u0947", "\u0938\u093e\u0925", "\u091a\u0902\u0926\u094d\u0930", "\u0915\u094d\u0937\u0947\u0924\u094d\u0930", "\u0915\u093e", "\u092a\u0924\u093e", "\u0932\u0917\u093e\u0928\u0947", "\u0915\u093e", "\u092a\u094d\u0930\u092f\u093e\u0938", "\u0915\u0930\u0947\u0917\u093e", "end"], "tags": ["sos", "nmod__adj", "nmod__adj", "k1", "k1", "nmod__adj", "ras-k1", "lwg__psp", "lwg__psp", "nmod__adj", "r6-k2", "lwg__psp", "pof", "r6-k2", "lwg__psp", "pof", "main", "eos"]}, "55": {"words": ["<start>", "\u091a\u0902\u0926\u094d\u0930\u092e\u093e", "\u090f\u0915", "\u0935\u093f\u092d\u0947\u0926\u093f\u0924", "\u0928\u093f\u0915\u093e\u092f", "\u0939\u0948", "\u091c\u093f\u0938\u0915\u093e", "\u092d\u0942\u0930\u0938\u093e\u092f\u093e\u0928\u093f\u0915", "\u0930\u0942\u092a", "\u0938\u0947", "\u0924\u0940\u0928", "\u092d\u093e\u0917", "\u0915\u094d\u0930\u0937\u094d\u091f,", "\u092e\u0947\u0902\u091f\u0932", "\u0914\u0930", "\u0915\u094b\u0930", "\u0939\u0948", "end"], "tags": ["sos", "k1", "nmod__adj", "nmod__adj", "k1s", "rs", "k1", "nmod__adj", "adv", "lwg__psp", "nmod__adj", "nmod", "fragof", "ccof", "k1", "ccof", "main", "eos"]}, "56": {"words": ["<start>", "\u0932\u0948\u0902\u0921\u0930", "\u0915\u0947", "\u092e\u0941\u0916\u094d\u092f", "\u0907\u0902\u091c\u0928", "\u0915\u094b", "\u0938\u092b\u0932\u0924\u093e\u092a\u0942\u0930\u094d\u0935\u0915", "513", "\u0938\u0947\u0915\u0902\u0921", "\u0915\u0940", "\u0905\u0935\u0927\u093f", "\u0915\u0947", "\u0932\u093f\u090f", "\u092a\u0930\u0940\u0915\u094d\u0937\u0923", "\u0915\u093f\u092f\u093e", "\u091c\u093e", "\u091a\u0941\u0915\u093e", "\u0939\u0948", "end"], "tags": ["sos", "r6", "lwg__psp", "nmod__adj", "k2", "lwg__psp", "adv", "nmod__adj", "r6", "lwg__psp", "rt", "lwg__psp", "lwg__psp", "pof", "main", "lwg__vaux", "lwg__vaux_cont", "lwg__vaux_cont", "eos"]}, "57": {"words": ["<start>", "\u092a\u0939\u0932\u093e", "\u092d\u093e\u0930\u0924\u0940\u092f", "\u092e\u093f\u0936\u0928,", "\u091c\u094b", "\u0918\u0930\u0947\u0932\u0942", "\u0924\u0915\u0928\u0940\u0915", "\u0915\u0947", "\u0938\u093e\u0925", "\u091a\u0902\u0926\u094d\u0930", "\u0938\u0924\u0939", "\u092a\u0930", "\u090f\u0915", "soft", "\u0932\u0948\u0902\u0921\u093f\u0902\u0917", "\u0915\u093e", "\u092a\u094d\u0930\u092f\u093e\u0938", "\u0915\u0930\u0947\u0917\u093e", "end"], "tags": ["sos", "nmod__adj", "nmod__adj", "k1", "k1", "nmod__adj", "ras-k1", "lwg__psp", "lwg__psp", "nmod__adj", "k7", "lwg__psp", "nmod__adj", "rsym", "r6-k2", "lwg__psp", "pof", "main", "eos"]}, "58": {"words": ["<start>", "\u0915\u094b\u0930", "\u0915\u0947", "\u091a\u093e\u0930\u094b\u0902", "\u0913\u0930", "\u096b\u0966\u0966", "\u0915\u093f\u0932\u094b\u092e\u0940\u091f\u0930", "\u0915\u0940", "\u0924\u094d\u0930\u093f\u091c\u094d\u092f\u093e", "\u0915\u0947", "\u0938\u093e\u0925", "\u090f\u0915", "\u0906\u0902\u0936\u093f\u0915", "\u0930\u0942\u092a", "\u0938\u0947", "\u092a\u093f\u0918\u0932\u0940", "\u0939\u0941\u0908", "\u0938\u0940\u092e\u093e", "\u092a\u0930\u0924", "\u0939\u0948", "end"], "tags": ["sos", "k7", "lwg__psp", "nmod__adj", "lwg__psp", "nmod__adj", "r6", "lwg__psp", "ras-k1", "lwg__psp", "lwg__psp", "nmod__adj", "nmod__adj", "adv", "lwg__psp", "nmod__k1inv", "lwg__vaux", "pof__cn", "k1", "main", "eos"]}, "59": {"words": ["<start>", "\u0968\u0966\u0966\u096e", "\u092e\u0947\u0902", "\u091a\u0902\u0926\u094d\u0930\u092f\u093e\u0928", "\u0905\u0902\u0924\u0930\u093f\u0915\u094d\u0937", "\u092f\u093e\u0928", "\u0928\u0947", "\u091a\u0928\u094d\u0926\u094d\u0930\u092e\u093e", "\u092a\u0930", "\u0938\u0924\u0939", "\u091c\u0932", "\u092c\u0930\u094d\u092b", "\u0915\u0947", "\u0905\u0938\u094d\u0924\u093f\u0924\u094d\u0935", "\u0915\u0940", "\u092a\u0941\u0937\u094d\u091f\u093f", "\u0915\u0940", "\u0939\u0948", "end"], "tags": ["sos", "k7t", "lwg__psp", "pof__cn", "pof__cn", "k1", "lwg__psp", "k7p", "lwg__psp", "k2", "pof__cn", "r6", "lwg__psp", "r6-k2", "lwg__psp", "pof", "main", "lwg__vaux", "eos"]}, "60": {"words": ["<start>", "2022", "\u092e\u0947\u0902", "\u092a\u094d\u0930\u0938\u094d\u0924\u093e\u0935\u093f\u0924", "\u092d\u093e\u0930\u0924", "\u0915\u0947", "\u0905\u0902\u0924\u0930\u093f\u0915\u094d\u0937", "\u092e\u0947\u0902", "\u092e\u093e\u0928\u0935", "\u092e\u093f\u0936\u0928", "\u201d", "\u0917\u0917\u0923\u092f\u093e\u0928", "\u092e\u093f\u0936\u0928", "\u201d", "\u0915\u093e", "\u0930\u093e\u0938\u094d\u0924\u093e", "\u0938\u093e\u092b", "\u0939\u094b\u0917\u093e.", "end"], "tags": ["sos", "k7t", "lwg__psp", "nmod__adj", "r6", "lwg__psp", "k7p", "lwg__psp", "pof__cn", "nmod__adj", "pof__cn", "pof__cn", "k2", "r6", "lwg__psp", "k2", "pof", "rs", "eos"]}, "61": {"words": ["<start>", "\u0907\u0928", "\u0905\u0902\u0924\u0930\u093f\u0915\u094d\u0937", "\u0905\u092d\u093f\u092f\u093e\u0928\u094b\u0902", "\u0928\u0947", "\u091a\u0902\u0926\u094d\u0930\u092e\u093e", "\u092a\u0930", "\u091c\u0932-\u092c\u0930\u094d\u092b", "\u0915\u0940", "\u0916\u094b\u091c", "\u0915\u0940", "\u092a\u0941\u0937\u094d\u091f\u093f", "\u0915\u0947", "\u0932\u093f\u090f", "\u0935\u093f\u0936\u093f\u0937\u094d\u0920", "\u092f\u094b\u0917\u0926\u093e\u0928", "\u0926\u093f\u092f\u093e", "\u0939\u0948", "end"], "tags": ["sos", "nmod__adj", "pof__cn", "k1", "lwg__psp", "k7", "lwg__psp", "r6", "lwg__psp", "r6", "lwg__psp", "rt", "lwg__psp", "lwg__psp", "nmod__adj", "pof", "main", "lwg__vaux", "eos"]}, "62": {"words": ["<start>", "\u092f\u0939", "500", "\u092e\u0940\u091f\u0930", "(\u00bd-a-km)", "\u0924\u0915", "\u092f\u093e\u0924\u094d\u0930\u093e", "\u0915\u0930", "\u0938\u0915\u0924\u093e", "\u0939\u0948", "\u0914\u0930", "\u0907\u0938\u0915\u0947", "\u0915\u093e\u092e\u0915\u093e\u091c", "\u0915\u0947", "\u0932\u093f\u090f", "\u0938\u094c\u0930", "\u090a\u0930\u094d\u091c\u093e", "\u0915\u093e", "\u0932\u093e\u092d", "\u0909\u0920\u093e\u0924\u093e", "\u0939\u0948", "end"], "tags": ["sos", "k1", "nmod__adj", "k7", "rsym", "lwg__psp", "pof", "ccof", "lwg__vaux", "lwg__vaux_cont", "main", "r6", "rt", "lwg__psp", "lwg__psp", "pof__cn", "r6", "lwg__psp", "pof", "ccof", "lwg__vaux", "eos"]}, "63": {"words": ["<start>", "\u0911\u0930\u094d\u092c\u093f\u091f\u0930", "\u0915\u093e", "\u092e\u093f\u0936\u0928", "\u091c\u0940\u0935\u0928", "\u090f\u0915", "\u0935\u0930\u094d\u0937", "\u0939\u0948", "\u0914\u0930", "\u0907\u0938\u0947", "100X100", "\u0915\u093f\u092e\u0940", "\u0932\u0902\u092c\u0940", "\u091a\u0902\u0926\u094d\u0930", "\u0927\u094d\u0930\u0941\u0935\u0940\u092f", "\u0915\u0915\u094d\u0937\u093e", "\u092e\u0947\u0902", "\u0930\u0916\u093e", "\u091c\u093e\u090f\u0917\u093e", "end"], "tags": ["sos", "r6", "lwg__psp", "k1", "k1", "nmod__adj", "k1s", "ccof", "main", "k2", "rsym", "jjmod", "nmod", "k2s", "nmod__adj", "k7", "lwg__psp", "ccof", "lwg__vaux", "eos"]}, "64": {"words": ["<start>", "\u092b\u094d\u0930\u093e\u0902\u0938", "\u0915\u093e", "\u0905\u092e\u0947\u0930\u093f\u0915\u093e", "\u0915\u0947", "\u092c\u093e\u0926", "\u092d\u093e\u0930\u0924", "\u092d\u0940", "\u0938\u0948\u0928\u094d\u092f", "\u0926\u0943\u0937\u094d\u091f\u093f", "\u0938\u0947", "\u092e\u0939\u0924\u094d\u0935\u092a\u0942\u0930\u094d\u0923", "\u0938\u094d\u092a\u0947\u0938", "\u0915\u092e\u093e\u0902\u0921", "\u0935\u093e\u0932\u093e", "\u0926\u0947\u0936", "\u092c\u0928", "\u0938\u0915\u0924\u093e", "\u0939\u0948.", "end"], "tags": ["sos", "r6", "lwg__psp", "k7t", "lwg__psp", "lwg__psp", "k1", "lwg__rp", "nmod__adj", "adv", "lwg__psp", "nmod__adj", "pof__cn", "nmod", "lwg__psp", "k1", "main", "lwg__vaux", "lwg__vaux_cont", "eos"]}, "65": {"words": ["<start>", "\u0911\u0930\u094d\u092c\u093f\u091f\u0930", "\u0924\u0925\u093e", "\u0930\u094b\u0935\u0930", "\u0915\u0940", "\u092e\u0941\u0916\u094d\u092f", "\u091c\u093f\u092e\u094d\u092e\u0947\u0926\u093e\u0930\u0940", "\u0907\u0938\u0930\u094b", "\u0915\u0940", "\u0939\u094b\u0917\u0940", "\u0924\u0925\u093e", "\u0930\u094b\u0938\u0915\u094b\u0938\u092e\u094b\u0938", "\u0932\u0948\u0902\u0921\u0930", "\u0915\u0947", "\u0932\u093f\u090f", "\u091c\u093f\u092e\u094d\u092e\u0947\u0926\u093e\u0930", "\u0939\u094b\u0917\u093e.", "end"], "tags": ["sos", "ccof", "r6", "ccof", "lwg__psp", "nmod__adj", "nmod", "r6", "lwg__psp", "ccof", "main", "pof__cn", "rt", "lwg__psp", "lwg__psp", "pof", "ccof", "eos"]}, "66": {"words": ["<start>", "\u0938\u0947\u0902\u0938\u0930", "\u0914\u0930", "\u0938\u0949\u092b\u094d\u091f\u0935\u0947\u092f\u0930", "\u0915\u0947", "\u092c\u0902\u0926", "\u0932\u0942\u092a", "\u0938\u0924\u094d\u092f\u093e\u092a\u0928", "\u092a\u0930\u0940\u0915\u094d\u0937\u0923", "2016", "\u0915\u0947", "\u092e\u0927\u094d\u092f", "\u092e\u0947\u0902", "\u092a\u0930\u0940\u0915\u094d\u0937\u0923", "\u0915\u0930\u0928\u0947", "\u0915\u0940", "\u092f\u094b\u091c\u0928\u093e", "\u092c\u0928\u093e\u0908", "\u0939\u0948", "end"], "tags": ["sos", "ccof", "r6", "ccof", "lwg__psp", "nmod__adj", "pof__cn", "pof__cn", "k1", "k7t", "lwg__psp", "lwg__psp", "lwg__psp", "pof", "r6", "lwg__psp", "k2", "main", "lwg__vaux", "eos"]}, "67": {"words": ["<start>", "\u0907\u0938", "\u091f\u0915\u0930\u093e\u0935", "\u0915\u0947", "\u0915\u093e\u0930\u0923", "\u092a\u0943\u0925\u094d\u0935\u0940", "\u0915\u0947", "23.5", "\u0921\u093f\u0917\u094d\u0930\u0940", "\u091d\u0941\u0915\u093e", "\u0939\u0941\u0906", "\u0927\u0941\u0930\u0940", "\u092d\u0940", "\u0909\u0924\u094d\u092a\u0928\u094d\u0928", "\u0939\u0941\u0908,", "\u091c\u093f\u0938\u0938\u0947", "\u092e\u094c\u0938\u092e", "\u0909\u0924\u094d\u092a\u0928\u094d\u0928", "\u0939\u094b", "\u0917\u092f\u093e", "end"], "tags": ["sos", "nmod__adj", "rh", "lwg__psp", "lwg__psp", "r6", "lwg__psp", "nmod__adj", "k2", "nmod__k1inv", "lwg__vaux", "k2", "lwg__rp", "pof", "vmod", "rh", "k1", "pof", "main", "lwg__vaux", "eos"]}, "68": {"words": ["<start>", "\u0924\u0940\u0928", "\u092a\u0947\u0932\u094b\u0921", "\u0928\u090f", "\u0939\u0948\u0902,", "\u091c\u092c\u0915\u093f", "\u0926\u094b", "\u0905\u0928\u094d\u092f", "\u091a\u0902\u0926\u094d\u0930\u092f\u093e\u0928-1", "\u0911\u0930\u094d\u092c\u093f\u091f\u0930", "\u092a\u0930", "\u092d\u0947\u091c\u0947", "\u091c\u093e\u0928\u0947", "\u0935\u093e\u0932\u0947", "\u092a\u0947\u0932\u094b\u0921", "\u0915\u0947", "\u0909\u0928\u094d\u0928\u0924", "\u0938\u0902\u0938\u094d\u0915\u0930\u0923", "\u0939\u0948\u0902", "end"], "tags": ["sos", "nmod__adj", "k1", "k1s", "ccof", "main", "nmod__adj", "nmod__adj", "pof__cn", "k7", "lwg__psp", "nmod", "lwg__vaux", "lwg__psp", "r6", "lwg__psp", "nmod__adj", "k1", "ccof", "eos"]}, "69": {"words": ["<start>", "\u091a\u0902\u0926\u094d\u0930\u092e\u093e", "\u0915\u0947", "\u0926\u0915\u094d\u0937\u093f\u0923", "\u0927\u094d\u0930\u0941\u0935\u0940\u092f", "\u0915\u094d\u0937\u0947\u0924\u094d\u0930", "\u092a\u0930", "\u090f\u0915", "Soft", "\u0932\u0948\u0902\u0921\u093f\u0902\u0917", "\u0915\u093e", "\u0938\u0902\u091a\u093e\u0932\u0928", "\u0915\u0930\u0928\u0947", "\u0935\u093e\u0932\u093e", "\u092a\u0939\u0932\u093e", "\u0905\u0902\u0924\u0930\u093f\u0915\u094d\u0937", "\u092e\u093f\u0936\u0928", "\u0939\u0948\u0902", "end"], "tags": ["sos", "r6", "lwg__psp", "pof__cn", "nmod__adj", "k7p", "lwg__psp", "nmod__adj", "rsym", "r6-k2", "lwg__psp", "pof", "nmod", "lwg__psp", "nmod__adj", "pof__cn", "k1", "main", "eos"]}, "70": {"words": ["<start>", "\u0930\u094b\u0935\u0930", "\u0915\u093e", "\u0935\u091c\u0928", "27", "\u0915\u093f\u0917\u094d\u0930\u093e", "\u0939\u0948", "\u0914\u0930", "\u0938\u094c\u0930", "\u090a\u0930\u094d\u091c\u093e", "\u0926\u094d\u0935\u093e\u0930\u093e", "\u0938\u0902\u091a\u093e\u0932\u093f\u0924", "\u0939\u094b\u0917\u093e", "\u0907\u0932\u0947\u0915\u094d\u091f\u094d\u0930\u093f\u0915", "\u092a\u093e\u0935\u0930", "\u091c\u0928\u0930\u0947\u0936\u0928", "\u0915\u094d\u0937\u092e\u0924\u093e-", "50", "W", "\u0939\u0948", "end"], "tags": ["sos", "r6", "lwg__psp", "k1", "nmod__adj", "k1s", "ccof", "main", "pof__cn", "k1", "lwg__psp", "pof", "vmod", "pof__cn", "pof__cn", "pof__cn", "k1", "k1s", "rsym", "ccof", "eos"]}, "71": {"words": ["<start>", "\u0910\u0938\u093e", "\u092e\u093e\u0928\u093e", "\u091c\u093e\u0924\u093e", "\u0939\u0948", "\u0915\u093f", "\u0915\u0930\u0940\u092c", "\u096a.\u096b", "\u0905\u0930\u092c", "\u0935\u0930\u094d\u0937", "\u092a\u0939\u0932\u0947", "\u092a\u0943\u0925\u094d\u0935\u0940", "\u0915\u0947", "\u0938\u093e\u0925", "\u0935\u093f\u0936\u093e\u0932", "\u091f\u0915\u094d\u0915\u0930", "\u0915\u0940", "\u0918\u091f\u0928\u093e", "\u0928\u0947", "\u0907\u0938\u0915\u093e", "\u0917\u0920\u0928", "\u0915\u093f\u092f\u093e", "\u0939\u0948", "end"], "tags": ["sos", "k2", "main", "lwg__vaux", "lwg__vaux_cont", "rs", "lwg__rp", "mod", "nmod__adj", "k7t", "lwg__psp", "ras-k1", "lwg__psp", "lwg__psp", "nmod__adj", "r6", "lwg__psp", "k1", "lwg__psp", "r6-k2", "pof", "ccof", "lwg__vaux", "eos"]}, "72": {"words": ["<start>", "\u092f\u0939", "\u090f\u0915", "\u091a\u0902\u0926\u094d\u0930", "\u0926\u093f\u0928", "\u0915\u0947", "\u0932\u093f\u090f", "\u0915\u093e\u0930\u094d\u092f", "\u0915\u0930\u0928\u0947", "\u0915\u0947", "\u0932\u093f\u090f", "\u0921\u093f\u091c\u093c\u093e\u0907\u0928", "\u0915\u093f\u092f\u093e", "\u0917\u092f\u093e", "\u0939\u0948,", "\u091c\u094b", "\u0932\u0917\u092d\u0917", "14", "\u092a\u0943\u0925\u094d\u0935\u0940", "\u0926\u093f\u0928\u094b\u0902", "\u0915\u0947", "\u092c\u0930\u093e\u092c\u0930", "\u0939\u0948", "end"], "tags": ["sos", "k1", "nmod__adj", "nmod__adj", "rt", "lwg__psp", "lwg__psp", "k2", "rt", "lwg__psp", "lwg__psp", "pof", "main", "lwg__vaux", "lwg__vaux_cont", "k1", "lwg__rp", "nmod__adj", "k1", "k1s", "lwg__psp", "lwg__psp", "main", "eos"]}, "73": {"words": ["<start>", "\u091a\u0902\u0926\u094d\u0930\u092f\u093e\u0928", "2", "\u0915\u0947", "\u0932\u0948\u0902\u0921\u0930", "\u0915\u093e", "\u0928\u093e\u092e", "\u092d\u093e\u0930\u0924\u0940\u092f", "\u0905\u0902\u0924\u0930\u093f\u0915\u094d\u0937", "\u0915\u093e\u0930\u094d\u092f\u0915\u094d\u0930\u092e", "\u0915\u0947", "\u091c\u0928\u0915", "\u0921\u0949", "\u0935\u093f\u0915\u094d\u0930\u092e", "\u090f", "\u0938\u093e\u0930\u093e\u092d\u093e\u0908", "\u0915\u0947", "\u0928\u093e\u092e", "\u092a\u0930", "\u0930\u0916\u093e", "\u0917\u092f\u093e", "\u0939\u0948", "end"], "tags": ["sos", "pof__cn", "r6", "lwg__psp", "r6", "lwg__psp", "k2", "pof__cn", "pof__cn", "r6", "lwg__psp", "nmod", "pof__cn", "pof__cn", "pof__cn", "r6", "lwg__psp", "k7", "lwg__psp", "main", "lwg__vaux", "lwg__vaux_cont", "eos"]}, "74": {"words": ["<start>", "\u091a\u0928\u094d\u0926\u094d\u0930\u092e\u093e", "\u0915\u0940", "\u0938\u0924\u0939", "\u0938\u0947", "\u091f\u0915\u0930\u093e\u0928\u0947", "\u0935\u093e\u0932\u0947", "\u091a\u0902\u0926\u094d\u0930\u092f\u093e\u0928-1", "\u0915\u0947", "\u092e\u0942\u0928", "\u0907\u092e\u094d\u092a\u0948\u0915\u094d\u091f", "\u092a\u094d\u0930\u094b\u092c", "\u0915\u0947", "\u0935\u093f\u092a\u0930\u0940\u0924,", "\u0932\u0948\u0902\u0921\u0930", "\u0927\u0940\u0930\u0947-\u0927\u0940\u0930\u0947", "\u0928\u0940\u091a\u0947", "\u0909\u0924\u0930\u0947\u0917\u093e", "end"], "tags": ["sos", "r6", "lwg__psp", "k5", "lwg__psp", "nmod", "lwg__psp", "r6", "lwg__psp", "pof__cn", "pof__cn", "r6", "lwg__psp", "nmod__adj", "k1", "adv", "k7p", "main", "eos"]}, "75": {"words": ["<start>", "\u091a\u0902\u0926\u094d\u0930\u092e\u093e", "\u0915\u0947", "\u0932\u093f\u090f", "\u092d\u0935\u093f\u0937\u094d\u092f", "\u0915\u0940", "\u092e\u093e\u0928\u0935\u092f\u0941\u0915\u094d\u0924", "\u092e\u093f\u0936\u0928", "\u092f\u094b\u091c\u0928\u093e", "\u0938\u0930\u0915\u093e\u0930", "\u0915\u0947", "\u0938\u093e\u0925", "\u0938\u093e\u0925", "\u0928\u093f\u091c\u0940", "\u0935\u093f\u0924\u094d\u0924", "\u092a\u094b\u0937\u093f\u0924", "\u092a\u094d\u0930\u092f\u093e\u0938\u094b\u0902", "\u0938\u0947", "\u092c\u0928\u093e\u0908", "\u0917\u0908", "\u0939\u0948", "end"], "tags": ["sos", "rt", "lwg__psp", "lwg__psp", "r6", "lwg__psp", "pof__cn", "pof__cn", "pof__cn", "ras-k1", "lwg__psp", "lwg__psp", "k7", "nmod__adj", "mod", "mod", "adv", "lwg__psp", "main", "lwg__vaux", "lwg__vaux_cont", "eos"]}, "76": {"words": ["<start>", "\u091a\u0902\u0926\u094d\u0930\u092e\u093e", "\u0915\u0947", "\u0905\u0915\u0947\u0932\u0947", "\u0928\u091c\u0926\u0940\u0915\u0940", "\u092a\u0915\u094d\u0937", "\u092e\u0947\u0902", "\u0939\u0940", "\u0967", "\u0915\u093f\u092e\u0940", "\u0938\u0947", "\u091c\u094d\u092f\u093e\u0926\u093e", "\u091a\u094c\u0921\u093c\u093e\u0908", "\u0915\u0947", "\u0932\u0917\u092d\u0917", "\u0969,\u0966\u0966,\u0966\u0966\u0966", "\u0916\u0921\u094d\u0921\u094b\u0902", "\u0915\u0947", "\u0939\u094b\u0928\u0947", "\u0915\u093e", "\u0905\u0928\u0941\u092e\u093e\u0928", "\u0939\u0948", "end"], "tags": ["sos", "r6", "lwg__psp", "nmod__adj", "mod", "k7", "lwg__psp", "lwg__rp", "nmod__adj", "jjmod", "lwg__psp", "nmod", "r6", "lwg__psp", "lwg__rp", "nmod__adj", "k1", "lwg__psp", "r6", "lwg__psp", "k1", "main", "eos"]}, "77": {"words": ["<start>", "\u091a\u0902\u0926\u094d\u0930\u092f\u093e\u0928", "2", "\u0915\u093e", "\u0930\u094b\u0935\u0930", "\u092a\u094d\u0930\u091c\u094d\u091e\u093e\u0928", "\u0928\u093e\u092e", "\u0915\u093e", "6", "\u092a\u0939\u093f\u092f\u094b\u0902", "\u0935\u093e\u0932\u093e", "\u0930\u094b\u092c\u094b\u091f", "\u0935\u093e\u0939\u0928", "\u0939\u0948,", "\u091c\u094b", "\u0938\u0902\u0938\u094d\u0915\u0943\u0924", "\u092e\u0947\u0902", "'\u091c\u094d\u091e\u093e\u0928'", "\u0915\u093e", "\u0905\u0928\u0941\u0935\u093e\u0926", "\u0915\u0930\u0924\u093e", "\u0939\u0948", "end"], "tags": ["sos", "pof__cn", "r6", "lwg__psp", "nmod", "nmod__adj", "r6", "lwg__psp", "nmod__adj", "nmod", "lwg__psp", "pof__cn", "nmod", "k2", "k1", "k7", "lwg__psp", "r6-k2", "lwg__psp", "pof", "main", "lwg__vaux", "eos"]}, "78": {"words": ["<start>", "\u0939\u093e\u0902\u0932\u093e\u0915\u093f", "\u091a\u0902\u0926\u094d\u0930\u092f\u093e\u0928-\u0968", "\u0915\u0947", "\u0911\u0930\u094d\u092c\u093f\u091f\u0930", "\u0928\u0947", "\u0905\u092a\u0928\u0947", "\u0939\u093e\u0908", "\u0930\u093f\u091c\u094b\u0932\u094d\u092f\u0942\u0936\u0928", "\u0915\u0948\u092e\u0930\u093e", "\u0938\u0947", "\u091a\u0902\u0926\u094d\u0930\u092e\u093e", "\u0915\u0947", "\u0938\u0924\u0939", "\u0915\u093f", "\u0915\u0941\u091b", "\u092c\u0947\u0939\u0924\u0930\u0940\u0928", "\u091a\u093f\u0924\u094d\u0930", "\u0932\u093f\u092f\u093e", "\u0939\u0948", "end"], "tags": ["sos", "k7t", "r6", "lwg__psp", "k1", "lwg__psp", "r6", "pof__cn", "pof__cn", "k3", "lwg__psp", "r6", "lwg__psp", "ccof", "main", "nmod__adj", "nmod__adj", "k2", "ccof", "lwg__vaux", "eos"]}, "79": {"words": ["<start>", "\u0928\u093f\u092f\u0902\u0924\u094d\u0930\u0923", "\u0914\u0930", "\u092e\u094b\u091f\u0930", "\u0917\u0924\u093f\u0936\u0940\u0932\u0924\u093e", "-", "\u0930\u094b\u0935\u0930", "\u0915\u0947", "\u091b\u0939", "\u092a\u0939\u093f\u092f\u094b\u0902", "\u0939\u094b\u0902\u0917\u0947,\u092a\u094d\u0930\u0924\u094d\u092f\u0947\u0915", "\u0938\u094d\u0935\u0924\u0902\u0924\u094d\u0930", "\u092c\u093f\u091c\u0932\u0940", "\u0915\u0940", "\u092e\u094b\u091f\u0930", "\u0915\u0947", "\u0926\u094d\u0935\u093e\u0930\u093e", "\u0938\u0902\u091a\u093e\u0932\u093f\u0924", "\u0939\u094b\u0902\u0917\u0947", "end"], "tags": ["sos", "ccof", "k7", "ccof", "pof__cn", "rsym", "r6", "lwg__psp", "nmod__adj", "k1", "mod", "nmod__adj", "r6", "lwg__psp", "k3", "lwg__psp", "lwg__psp", "pof", "main", "eos"]}, "80": {"words": ["<start>", "\u092a\u0939\u093f\u090f\u0926\u093e\u0930", "\u0930\u094b\u0935\u0930", "\u091a\u0928\u094d\u0926\u094d\u0930\u092e\u093e", "\u0915\u0940", "\u0938\u0924\u0939", "\u092a\u0930", "\u091a\u0932\u0947\u0917\u093e", "\u0924\u0925\u093e", "\u0935\u0939\u0940\u0902", "\u092a\u0930", "\u0935\u093f\u0936\u094d\u0932\u0947\u0937\u0923", "\u0915\u0947", "\u0932\u093f\u090f", "\u092e\u093f\u091f\u094d\u091f\u0940", "\u092f\u093e", "\u091a\u091f\u094d\u091f\u093e\u0928", "\u0915\u0947", "\u0928\u092e\u0942\u0928\u094b\u0902", "\u0915\u094b", "\u090f\u0915\u0924\u094d\u0930", "\u0915\u0930\u0947\u0917\u093e", "end"], "tags": ["sos", "k1", "nmod__adj", "r6", "lwg__psp", "k7p", "lwg__psp", "ccof", "main", "k7", "lwg__psp", "rt", "lwg__psp", "lwg__psp", "ccof", "nmod", "ccof", "lwg__psp", "k2", "lwg__psp", "pof", "ccof", "eos"]}, "81": {"words": ["<start>", "\u0938\u092b\u0932", "\u0939\u094b\u0928\u0947", "\u092a\u0930,", "\u091a\u0902\u0926\u094d\u0930\u092f\u093e\u0928", "-2", "\u0938\u092c\u0938\u0947", "\u0926\u0915\u094d\u0937\u093f\u0923\u0940", "\u091a\u0902\u0926\u094d\u0930", "\u0932\u0948\u0902\u0921\u093f\u0902\u0917", "\u0939\u094b\u0917\u093e,", "\u091c\u093f\u0938\u0915\u093e", "\u0932\u0915\u094d\u0937\u094d\u092f", "67", "\u00b0", "S", "\u092f\u093e", "70", "\u00b0", "\u0905\u0915\u094d\u0937\u093e\u0902\u0936", "\u092a\u0930", "\u0909\u0924\u0930\u0928\u093e", "\u0939\u094b\u0917\u093e", "end"], "tags": ["sos", "pof", "main", "lwg__vaux", "pof__cn", "rsym", "pof__cn", "nmod__adj", "pof__cn", "k2", "vmod", "r6", "k1", "nmod__adj", "ccof", "rsym", "r6", "nmod__adj", "ccof", "k7p", "lwg__psp", "main", "lwg__vaux", "eos"]}, "82": {"words": ["<start>", "8", "\u0938\u093f\u0924\u0902\u092c\u0930", "2019", "\u0915\u094b", "\u0907\u0938\u0930\u094b", "\u0926\u094d\u0935\u093e\u0930\u093e", "\u0938\u0942\u091a\u0928\u093e", "\u0926\u0940", "\u0917\u0908", "\u0915\u093f", "\u0913\u0930\u092c\u093f\u091f\u0930", "\u0926\u094d\u200d\u0935\u093e\u0930\u093e", "\u0932\u093f\u090f", "\u0917\u090f", "\u090a\u0937\u094d\u092e\u093e\u091a\u093f\u0924\u094d\u0930", "\u0938\u0947", "\u0935\u093f\u0915\u094d\u0930\u092e", "\u0932\u0948\u0902\u0921\u0930", "\u0915\u093e", "\u092a\u0924\u093e", "\u091a\u0932", "\u0917\u092f\u093e", "\u0939\u0948", "end"], "tags": ["sos", "pof__cn", "pof__cn", "k7t", "lwg__psp", "k1", "lwg__psp", "k2", "main", "lwg__vaux", "k2", "k1", "lwg__psp", "nmod__k1inv", "lwg__vaux", "k5", "lwg__psp", "pof__cn", "r6", "lwg__psp", "pof", "ccof", "lwg__vaux", "lwg__vaux_cont", "eos"]}, "83": {"words": ["<start>", "\u0938\u0928\u094d", "\u0967\u096f\u096c\u096f", "\u0938\u0947", "\u0967\u096f\u096d\u0968", "\u0915\u0947", "\u092c\u0940\u091a", "\u091b\u0939", "\u092e\u093e\u0928\u0935\u092f\u0941\u0915\u094d\u0924", "\u092f\u093e\u0928", "\u0928\u0947", "\u091a\u0928\u094d\u0926\u094d\u0930\u092e\u093e", "\u0915\u0940", "\u0927\u0930\u0924\u0940", "\u092a\u0930", "\u0915\u0926\u092e", "\u0930\u0916\u093e", "\u091c\u093f\u0938\u092e\u0947", "\u0938\u0947", "\u0905\u092a\u094b\u0932\u094b-\u0967\u0967", "\u0928\u0947", "\u0938\u092c\u0938\u0947", "\u092a\u0939\u0932\u0947", "\u0915\u0926\u092e", "\u0930\u0916\u093e", "end"], "tags": ["sos", "pof__cn", "rsp", "lwg__psp", "k7t", "lwg__psp", "lwg__psp", "nmod__adj", "pof__cn", "k1", "lwg__psp", "r6", "lwg__psp", "k7p", "lwg__psp", "pof", "main", "k5", "lwg__psp", "k1", "lwg__psp", "nmod__adj", "k7t", "k2", "nmod__relc", "eos"]}, "84": {"words": ["<start>", "\u0936\u094d\u0930\u0940", "\u0935\u093f\u0915\u094d\u0930\u092e", "\u0915\u0947", "\u092a\u093e\u0938,", "\u092c\u0948\u0902\u0917\u0932\u094b\u0930", "\u0915\u0947", "\u092a\u093e\u0938", "\u092c\u092f\u093e\u0932\u0942", "\u092e\u0947\u0902", "\u0906\u0908\u0921\u0940\u090f\u0938\u090f\u0928", "\u0915\u0947", "\u0938\u093e\u0925-\u0938\u093e\u0925", "\u0911\u0930\u094d\u092c\u093f\u091f\u0930", "\u0914\u0930", "\u0930\u094b\u0935\u0930", "\u0915\u0947", "\u0938\u093e\u0925", "\u0938\u0902\u0935\u093e\u0926", "\u0915\u0930\u0928\u0947", "\u0915\u0940", "\u0915\u094d\u0937\u092e\u0924\u093e", "\u0939\u0948", "end"], "tags": ["sos", "pof__cn", "r6", "lwg__psp", "pof__cn", "k7p", "lwg__psp", "lwg__psp", "k7", "lwg__psp", "vmod", "lwg__psp", "lwg__psp", "ccof", "k7", "ccof", "lwg__psp", "lwg__psp", "pof", "r6", "lwg__psp", "k1", "main", "eos"]}, "85": {"words": ["<start>", "\u0938\u094d\u0935\u0926\u0947\u0936\u0940", "\u0932\u0948\u0902\u0921\u0930", "\u0915\u0940", "\u092a\u094d\u0930\u093e\u0930\u0902\u092d\u093f\u0915", "\u0915\u0949\u0928\u094d\u092b\u093c\u093f\u0917\u0930\u0947\u0936\u0928", "\u0915\u093e", "\u0905\u0927\u094d\u092f\u092f\u0928", "2013", "\u092e\u0947\u0902", "\u0905\u0902\u0924\u0930\u093f\u0915\u094d\u0937", "\u0905\u0928\u0941\u092a\u094d\u0930\u092f\u094b\u0917", "\u0915\u0947\u0902\u0926\u094d\u0930(SAC),\u0905\u0939\u092e\u0926\u093e\u092c\u093e\u0926", "\u0926\u094d\u0935\u093e\u0930\u093e", "\u092a\u0942\u0930\u093e", "\u0915\u093f", "\u0917\u092f\u0940", "end"], "tags": ["sos", "nmod__adj", "r6", "lwg__psp", "nmod__adj", "r6", "lwg__psp", "k2", "k7t", "lwg__psp", "pof__cn", "pof__cn", "jjmod", "lwg__psp", "nmod", "k2", "rsym", "eos"]}, "86": {"words": ["<start>", "\u0905\u0902\u0924\u0930\u093f\u0915\u094d\u0937", "\u092f\u093e\u0928", "\u0915\u0947", "\u0921\u093f\u091c\u093e\u0907\u0928", "\u0915\u094b", "\u0905\u0917\u0938\u094d\u0924", "2009", "\u092e\u0947\u0902", "\u092a\u0942\u0930\u094d\u0923", "\u0915\u0930", "\u0932\u093f\u092f\u093e", "\u0917\u092f\u093e", "\u091c\u093f\u0938\u092e\u0947", "\u0926\u094b\u0928\u094b\u0902", "\u0926\u0947\u0936\u094b\u0902", "\u0915\u0947", "\u0935\u0948\u091c\u094d\u091e\u093e\u0928\u093f\u0915\u094b\u0902", "\u0928\u0947", "\u0905\u092a\u0928\u093e", "\u0938\u0902\u092f\u0941\u0915\u094d\u0924", "\u092f\u094b\u0917\u0926\u093e\u0928", "\u0926\u093f\u092f\u093e.", "end"], "tags": ["sos", "pof__cn", "r6", "lwg__psp", "k2", "lwg__psp", "pof__cn", "k7t", "lwg__psp", "pof", "ccof", "lwg__vaux", "lwg__vaux_cont", "main", "nmod__adj", "r6", "lwg__psp", "k1", "lwg__psp", "r6", "nmod__adj", "k2", "nmod__k1inv", "eos"]}, "87": {"words": ["<start>", "\u091a\u0902\u0926\u094d\u0930\u092e\u093e", "'", "\u092c\u093e\u0939\u094d\u092f", "\u0905\u0902\u0924\u0930\u093f\u0915\u094d\u0937", "\u0938\u0902\u0927\u093f", "'", "\u0915\u0947", "\u0924\u0939\u0924", "\u0930\u0939\u0924\u093e", "\u0939\u0948", "\u091c\u093f\u0938\u0938\u0947", "\u092f\u0939", "\u0936\u093e\u0902\u0924\u093f\u092a\u0942\u0930\u094d\u0923", "\u0909\u0926\u094d\u0926\u0947\u0936\u094d\u092f\u094b\u0902", "\u0915\u0940", "\u0916\u094b\u091c", "\u0915\u0947", "\u0932\u093f\u090f", "\u0938\u092d\u0940", "\u0930\u093e\u0937\u094d\u091f\u094d\u0930\u094b\u0902", "\u0915\u0947", "\u0932\u093f\u090f", "\u092e\u0941\u0915\u094d\u0924", "\u0939\u0948", "end"], "tags": ["sos", "k1", "rsym", "pof__cn", "pof__cn", "k7a", "rsym", "lwg__psp", "lwg__psp", "main", "lwg__vaux", "rh", "k1", "nmod__adj", "r6", "lwg__psp", "rt", "lwg__psp", "lwg__psp", "nmod__adj", "rt", "lwg__psp", "lwg__psp", "k1s", "nmod__relc", "eos"]}, "88": {"words": ["<start>", "\u092d\u093e\u0930\u0924", "\u0928\u0947", "\u091a\u0902\u0926\u094d\u0930\u092f\u093e\u0928-2", "\u0915\u094b", "22", "\u091c\u0941\u0932\u093e\u0908", "2019", "\u0915\u094b", "\u0936\u094d\u0930\u0940\u0939\u0930\u093f\u0915\u094b\u091f\u093e", "\u0930\u0947\u0902\u091c", "\u0938\u0947", "\u092d\u093e\u0930\u0924\u0940\u092f", "\u0938\u092e\u092f\u093e\u0928\u0941\u0938\u093e\u0930", "02:43", "\u0905\u092a\u0930\u093e\u0939\u094d\u0928", "\u0915\u094b", "\u0938\u092b\u0932\u0924\u093e", "\u092a\u0942\u0930\u094d\u0935\u0915", "\u092a\u094d\u0930\u0915\u094d\u0937\u0947\u092a\u093f\u0924", "\u0915\u093f\u092f\u093e", "end"], "tags": ["sos", "k1", "lwg__psp", "k2", "lwg__psp", "pof__cn", "pof__cn", "k7t", "lwg__psp", "nmod__adj", "k3", "lwg__psp", "nmod__adj", "k7t", "nmod__adj", "k7t", "lwg__psp", "k2", "adv", "pof", "main", "eos"]}, "89": {"words": ["<start>", "\u0924\u094d\u0930\u093f\u0935\u093f\u092e", "\u0915\u0948\u092e\u0930\u093e", "\u0906\u0927\u093e\u0930\u093f\u0924", "3\u0921\u0940", "\u0926\u0943\u0937\u094d\u091f\u093f", "-", "\u091c\u092e\u0940\u0928", "\u091f\u0940\u092e", "\u0915\u094b", "\u0930\u094b\u0935\u0930", "\u0928\u093f\u092f\u0902\u0924\u094d\u0930\u093f\u0924", "\u0915\u0947", "\u0932\u093f\u090f", "\u0930\u094b\u0935\u0930", "\u0915\u0947", "\u0906\u0938\u092a\u093e\u0938", "\u0915\u0947", "\u0907\u0932\u093e\u0915\u0947", "\u0915\u0940", "\u090f\u0915", "3\u0921\u0940", "\u0926\u0943\u0936\u094d\u092f", "\u0915\u094b", "\u092a\u094d\u0930\u0926\u093e\u0928", "\u0915\u0930\u0947\u0917\u093e", "end"], "tags": ["sos", "pof__cn", "jjmod", "nmod", "nmod__adj", "pof__cn", "rsym", "pof__cn", "k2", "lwg__psp", "pof__cn", "rt", "lwg__psp", "lwg__psp", "nmod", "lwg__psp", "lwg__psp", "lwg__psp", "r6", "lwg__psp", "nmod__adj", "nmod__adj", "k2", "lwg__psp", "pof", "main", "eos"]}, "90": {"words": ["<start>", "\u0926\u093f\u0928\u093e\u0902\u0915", "07", "\u0938\u093f\u0924\u0902\u092c\u0930", "2019", "\u0915\u094b", "\u0930\u093e\u0924\u094d\u0930\u093f", "02", "\u092c\u091c\u0947", "\u091a\u0902\u0926\u094d\u0930\u092e\u093e", "\u0915\u0947", "\u0927\u0930\u093e\u0924\u0932", "\u0938\u0947", "02.1", "\u0915\u093f\u092e\u0940", "\u090a\u092a\u0930", "\u0935\u093f\u0915\u094d\u0930\u092e", "\u0932\u0947\u0902\u0921\u0930", "\u0915\u093e", "\u0907\u0938\u0930\u094b", "\u0938\u0947", "\u092b\u093f\u0932\u0939\u093e\u0932", "\u0938\u092e\u094d\u092a\u0930\u094d\u0915", "\u091f\u0942\u091f", "\u0917\u092f\u093e", "\u0939\u0948", "end"], "tags": ["sos", "pof__cn", "pof__cn", "pof__cn", "k7t", "lwg__psp", "nmod", "nmod__adj", "k7t", "r6", "lwg__psp", "nmod", "lwg__psp", "nmod__adj", "k7p", "lwg__psp", "pof__cn", "r6", "lwg__psp", "k5", "lwg__psp", "adv", "pof", "main", "lwg__vaux", "lwg__vaux_cont", "eos"]}, "91": {"words": ["<start>", "\u0905\u0917\u0930", "\u0925\u093f\u092f\u093e", "\u090f\u0915", "\u0905\u0932\u0917", "\u092a\u094d\u0930\u094b\u091f\u0949\u092a\u0932\u0948\u0928\u0947\u091f", "\u0925\u093e,", "\u0924\u094b", "\u0936\u093e\u092f\u0926", "\u092a\u0943\u0925\u094d\u0935\u0940", "\u0938\u0947", "\u090f\u0915", "\u0905\u0932\u0917", "\u0911\u0915\u094d\u0938\u0940\u091c\u0928", "\u0906\u0907\u0938\u094b\u091f\u094b\u092a", "\u0939\u0938\u094d\u0924\u093e\u0915\u094d\u0937\u0930", "\u0939\u094b\u0924\u093e,", "\u091c\u0948\u0938\u093e", "\u0915\u093f", "\u0905\u0932\u0917-\u0905\u0932\u0917", "\u092e\u093f\u0936\u094d\u0930\u093f\u0924", "\u092a\u0926\u093e\u0930\u094d\u0925", "\u0939\u094b\u0924\u093e", "end"], "tags": ["sos", "vmod", "k1", "nmod__adj", "nmod__adj", "k1s", "ccof", "main", "adv", "k3", "lwg__psp", "nmod__adj", "nmod__adj", "pof__cn", "k1", "pof", "ccof", "lwg__psp", "k2", "nmod__adj", "mod", "k1", "main", "eos"]}, "92": {"words": ["<start>", "\u0930\u094b\u0938\u0915\u094b\u0938\u092e\u094b\u0938", "\u0915\u094b", "\u092c\u093e\u0926", "\u092e\u0947\u0902", "\u092e\u0902\u0917\u0932", "\u0917\u094d\u0930\u0939", "\u0915\u0947", "\u0932\u093f\u090f", "\u092d\u0947\u091c\u093c\u0947", "\u092b\u094b\u092c\u094b\u0938-\u0917\u094d\u0930\u0928\u094d\u091f", "\u0905\u092d\u093f\u092f\u093e\u0928", "\u092e\u0947", "\u092e\u093f\u0932\u0940", "\u0935\u093f\u092b\u0932\u0924\u093e", "\u0915\u0947", "\u0915\u093e\u0930\u0923", "\u091a\u0902\u0926\u094d\u0930\u092f\u093e\u0928", "-2", "\u0915\u093e\u0930\u094d\u092f\u0915\u094d\u0930\u092e", "\u0938\u0947", "\u0905\u0932\u0917", "\u0915\u0930", "\u0926\u093f\u092f\u093e", "\u0917\u092f\u093e", "end"], "tags": ["sos", "k2", "lwg__psp", "k7t", "lwg__psp", "nmod__adj", "rt", "lwg__psp", "lwg__psp", "nmod__k1inv", "pof__cn", "k7", "lwg__psp", "nmod__k1inv", "rh", "lwg__psp", "lwg__psp", "pof__cn", "rsym", "k5", "lwg__psp", "pof", "main", "lwg__vaux", "lwg__vaux_cont", "eos"]}, "93": {"words": ["<start>", "\u091a\u0902\u0926\u094d\u0930\u092f\u093e\u0928-2", "\u092e\u0947\u0902", "\u0930\u0916\u0947", "\u0917\u090f", "\u092a\u0947\u0932\u094b\u0921", "\u0938\u0947", "\u092e\u093f\u0932\u0928\u0947", "\u0935\u093e\u0932\u0947", "\u0921\u093e\u091f\u093e", "\u0938\u0947", "\u0935\u0939\u093e\u0902", "\u092a\u093e\u0928\u0940", "\u0914\u0930", "\u0916\u0928\u093f\u091c\u094b\u0902", "\u0915\u0940", "\u092e\u094c\u091c\u0942\u0926\u0917\u0940", "\u0915\u093e", "\u092a\u0924\u093e", "\u091a\u0932\u0947\u0917\u093e", "\u091c\u093f\u0938\u0938\u0947", "\u0935\u0948\u091c\u094d\u091e\u093e\u0928\u093f\u0915", "\u092a\u094d\u0930\u092f\u094b\u0917", "\u0936\u0941\u0930\u0941", "\u0939\u094b\u0902\u0917\u0947.", "end"], "tags": ["sos", "k7p", "lwg__psp", "nmod__k2inv", "lwg__vaux", "k5", "lwg__psp", "nmod", "lwg__psp", "k5", "lwg__psp", "k7p", "ccof", "r6", "ccof", "lwg__psp", "r6-k2", "lwg__psp", "pof", "main", "rh", "nmod__adj", "k2", "pof", "nmod__relc", "eos"]}, "94": {"words": ["<start>", "\u091a\u0928\u094d\u0926\u094d\u0930\u092e\u093e", "\u0915\u0940", "\u0924\u093e\u0924\u094d\u0915\u093e\u0932\u093f\u0915", "\u0915\u0915\u094d\u0937\u0940\u092f", "\u0926\u0942\u0930\u0940,", "\u092a\u0943\u0925\u094d\u0935\u0940", "\u0915\u0947", "\u0935\u094d\u092f\u093e\u0938", "\u0915\u093e", "\u0969\u0966", "\u0917\u0941\u0928\u093e", "\u0939\u0948", "\u0907\u0938\u0940\u0932\u093f\u090f", "\u0906\u0938\u092e\u093e\u0928", "\u092e\u0947\u0902", "\u0938\u0942\u0930\u094d\u092f", "\u0914\u0930", "\u091a\u0928\u094d\u0926\u094d\u0930\u092e\u093e", "\u0915\u093e", "\u0906\u0915\u093e\u0930", "\u0939\u092e\u0947\u0936\u093e", "\u0938\u093e\u092e\u093e\u0928", "\u0928\u091c\u0930", "\u0906\u0924\u093e", "\u0939\u0948", "end"], "tags": ["sos", "r6", "lwg__psp", "nmod__adj", "k1", "k1s", "r6", "lwg__psp", "r6", "lwg__psp", "nmod__adj", "k1", "main", "rh", "k7", "lwg__psp", "ccof", "k1", "r6", "lwg__psp", "ccof", "adv", "k1", "pof", "nmod__relc", "lwg__vaux", "eos"]}, "95": {"words": ["<start>", "\u0907\u0938\u0930\u094b", "\u0928\u0947", "\u0932\u0948\u0902\u0921\u093f\u0902\u0917", "\u0938\u093e\u0907\u091f", "\u0915\u093e", "\u091a\u092f\u0928", "\u0915\u0930\u0928\u0947", "\u0915\u0947", "\u0932\u093f\u090f", "\u0914\u0930", "\u0932\u0948\u0902\u0921\u0930", "\u0915\u0947", "\u0938\u0947\u0902\u0938\u0930", "\u0915\u0940", "\u0915\u094d\u0937\u092e\u0924\u093e", "\u0915\u093e", "\u0906\u0915\u0932\u0928", "\u0915\u0930\u0928\u0947", "\u092e\u0947\u0902", "\u0938\u0939\u093e\u092f\u0924\u093e", "\u0915\u0947", "\u0932\u093f\u090f", "\u091a\u0941\u0928\u0932\u0947\u0930\u0947", "\u092e\u0947\u0902", "\u0915\u0930\u0940\u092c", "10", "\u0915\u094d\u0930\u0947\u091f\u0930", "\u092c\u0928\u093e\u090f", "end"], "tags": ["sos", "k1", "lwg__psp", "pof__cn", "r6-k2", "lwg__psp", "pof", "rt", "lwg__psp", "lwg__psp", "rt", "r6", "lwg__psp", "r6", "lwg__psp", "r6-k2", "lwg__psp", "pof", "ccof", "lwg__psp", "rt", "lwg__psp", "lwg__psp", "k7", "lwg__psp", "lwg__rp", "nmod__adj", "k2", "main", "eos"]}, "96": {"words": ["<start>", "\u0938\u094b\u0935\u093f\u092f\u0924", "\u0930\u093e\u0937\u094d\u091f\u094d", "\u0915\u093e", "\u0932\u0942\u0928\u093e-\u0967", "\u092a\u0939\u0932\u093e", "\u0905\u0928\u094d\u0924\u0930\u093f\u0915\u094d\u0937", "\u092f\u093e\u0928", "\u0925\u093e", "\u091c\u094b", "\u091a\u0928\u094d\u0926\u094d\u0930\u092e\u093e", "\u0915\u0947", "\u092a\u093e\u0938", "\u0938\u0947", "\u0917\u0941\u091c\u0930\u093e", "\u0925\u093e", "\u0932\u0947\u0915\u093f\u0928", "\u0932\u0942\u0928\u093e-\u0968", "\u092a\u0939\u0932\u093e", "\u092f\u093e\u0928", "\u0925\u093e", "\u091c\u094b", "\u091a\u0928\u094d\u0926\u094d\u0930\u092e\u093e", "\u0915\u0940", "\u0927\u0930\u0924\u0940", "\u092a\u0930", "\u0909\u0924\u0930\u093e", "\u0925\u093e", "end"], "tags": ["sos", "pof__cn", "r6", "lwg__psp", "nmod__adj", "nmod__adj", "pof__cn", "k1", "ccof", "k1", "k7p", "lwg__psp", "lwg__psp", "lwg__psp", "nmod__relc", "lwg__vaux", "main", "k1", "nmod__adj", "k1s", "ccof", "k1", "r6", "lwg__psp", "k7p", "lwg__psp", "nmod__relc", "lwg__vaux", "eos"]}, "97": {"words": ["<start>", "\u0907\u0938", "\u0905\u092d\u093f\u092f\u093e\u0928", "\u0915\u094b", "\u0936\u094d\u0930\u0940\u0939\u0930\u093f\u0915\u094b\u091f\u093e", "\u0926\u094d\u0935\u0940\u092a", "\u0915\u0947", "\u0938\u0924\u0940\u0936", "\u0927\u0935\u0928", "\u0905\u0902\u0924\u0930\u093f\u0915\u094d\u0937", "\u0915\u0947\u0902\u0926\u094d\u0930", "\u0938\u0947", "\u092d\u0942\u0938\u094d\u0925\u093f\u0930", "\u0909\u092a\u0917\u094d\u0930\u0939", "\u092a\u094d\u0930\u0915\u094d\u0937\u0947\u092a\u0923", "\u092f\u093e\u0928", "\u0938\u0902\u0938\u094d\u0915\u0930\u0923", "3", "(GSLV", "Mk-III)", "\u0926\u094d\u0935\u093e\u0930\u093e", "\u092d\u0947\u091c\u093e", "\u0917\u092f\u093e", "\u0925\u093e", "end"], "tags": ["sos", "nmod__adj", "k2", "lwg__psp", "nmod__adj", "r6", "lwg__psp", "pof__cn", "k1", "pof__cn", "k5", "lwg__psp", "pof__cn", "pof__cn", "pof__cn", "pof__cn", "k2", "k3", "rsym", "rsym", "lwg__psp", "main", "lwg__vaux", "lwg__vaux_cont", "eos"]}, "98": {"words": ["<start>", "\u0911\u0930\u094d\u092c\u093f\u091f\u0930", "100", "\u0915\u093f\u0932\u094b\u092e\u0940\u091f\u0930", "\u0915\u0940", "\u090a\u0902\u091a\u093e\u0908", "\u092a\u0930", "\u091a\u0928\u094d\u0926\u094d\u0930\u092e\u093e", "\u0915\u0940", "\u092a\u0930\u093f\u0915\u094d\u0930\u092e\u093e", "\u0915\u0930\u0947\u0917\u093e.", "\u0907\u0938", "\u0905\u092d\u093f\u092f\u093e\u0928", "\u092e\u0947\u0902", "\u0911\u0930\u094d\u092c\u093f\u091f\u0930", "\u0915\u094b", "\u092a\u093e\u0902\u091a", "\u092a\u0947\u0932\u094b\u0921", "\u0915\u0947", "\u0938\u093e\u0925", "\u092d\u0947\u091c\u0947", "\u091c\u093e\u0928\u0947", "\u0915\u093e", "\u0928\u093f\u0930\u094d\u0923\u092f", "\u0932\u093f\u092f\u093e", "\u0917\u092f\u093e", "\u0939\u0948", "end"], "tags": ["sos", "k1", "nmod__adj", "r6", "lwg__psp", "k7p", "lwg__psp", "r6-k2", "lwg__psp", "k2", "vmod", "nmod__adj", "k7", "lwg__psp", "k4", "lwg__psp", "nmod__adj", "ras-k2", "lwg__psp", "lwg__psp", "r6-k2", "lwg__vaux", "lwg__psp", "k2", "main", "lwg__vaux", "lwg__vaux_cont", "eos"]}, "99": {"words": ["<start>", "\u0932\u0949\u0928\u094d\u091a", "\u0915\u0947", "\u0938\u092e\u092f,", "\u091a\u0902\u0926\u094d\u0930\u092f\u093e\u0928", "2", "\u0911\u0930\u094d\u092c\u093f\u091f\u0930", "\u092c\u092f\u093e\u0932\u0942", "\u0915\u0947", "\u0938\u093e\u0925-\u0938\u093e\u0925", "\u0935\u093f\u0915\u094d\u0930\u092e", "\u0932\u0948\u0902\u0921\u0930", "\u092e\u0947\u0902", "\u092d\u093e\u0930\u0924\u0940\u092f", "\u0921\u0940\u092a", "\u0938\u094d\u092a\u0947\u0938", "\u0928\u0947\u091f\u0935\u0930\u094d\u0915", "(\u0906\u0908\u0921\u0940\u090f\u0938\u090f\u0928)", "\u0915\u0947", "\u0938\u093e\u0925", "\u0938\u0902\u091a\u093e\u0930", "\u0915\u0930\u0928\u0947", "\u092e\u0947\u0902", "\u0938\u0915\u094d\u0937\u092e", "\u0939\u094b\u0917\u093e", "end"], "tags": ["sos", "r6", "lwg__psp", "k1", "pof__cn", "nmod__adj", "pof__cn", "vmod", "lwg__psp", "lwg__psp", "pof__cn", "k7", "lwg__psp", "pof__cn", "pof__cn", "pof__cn", "ras-k1", "rsym", "lwg__psp", "lwg__psp", "pof", "k7", "lwg__psp", "pof", "main", "eos"]}}